n,alpha,p,seed,overlap,success
256,0.100,26,2918,1.0000,1
256,0.100,26,2919,1.0000,1
256,0.100,26,2920,1.0000,1
256,0.100,26,2921,1.0000,1
256,0.100,26,2922,1.0000,1
256,0.100,26,2923,1.0000,1
256,0.100,26,2924,1.0000,1
256,0.100,26,2925,1.0000,1
256,0.100,26,2926,1.0000,1
256,0.100,26,2927,1.0000,1
256,0.100,26,2928,0.9922,1
256,0.100,26,2929,1.0000,1
256,0.100,26,2930,1.0000,1
256,0.100,26,2931,1.0000,1
256,0.100,26,2932,1.0000,1
256,0.100,26,2933,0.9688,1
256,0.100,26,2934,1.0000,1
256,0.100,26,2935,1.0000,1
256,0.100,26,2936,1.0000,1
256,0.100,26,2937,1.0000,1
256,0.105,27,2918,1.0000,1
256,0.105,27,2919,1.0000,1
256,0.105,27,2920,0.9922,1
256,0.105,27,2921,1.0000,1
256,0.105,27,2922,1.0000,1
256,0.105,27,2923,1.0000,1
256,0.105,27,2924,1.0000,1
256,0.105,27,2925,1.0000,1
256,0.105,27,2926,1.0000,1
256,0.105,27,2927,1.0000,1
256,0.105,27,2928,0.9922,1
256,0.105,27,2929,1.0000,1
256,0.105,27,2930,1.0000,1
256,0.105,27,2931,1.0000,1
256,0.105,27,2932,0.9766,1
256,0.105,27,2933,0.6562,0
256,0.105,27,2934,1.0000,1
256,0.105,27,2935,1.0000,1
256,0.105,27,2936,1.0000,1
256,0.105,27,2937,1.0000,1
256,0.110,28,2918,1.0000,1
256,0.110,28,2919,1.0000,1
256,0.110,28,2920,0.9922,1
256,0.110,28,2921,1.0000,1
256,0.110,28,2922,1.0000,1
256,0.110,28,2923,1.0000,1
256,0.110,28,2924,1.0000,1
256,0.110,28,2925,1.0000,1
256,0.110,28,2926,1.0000,1
256,0.110,28,2927,0.9922,1
256,0.110,28,2928,0.9922,1
256,0.110,28,2929,1.0000,1
256,0.110,28,2930,1.0000,1
256,0.110,28,2931,1.0000,1
256,0.110,28,2932,0.9844,1
256,0.110,28,2933,0.5547,0
256,0.110,28,2934,1.0000,1
256,0.110,28,2935,0.9922,1
256,0.110,28,2936,1.0000,1
256,0.110,28,2937,1.0000,1
256,0.115,29,2918,1.0000,1
256,0.115,29,2919,1.0000,1
256,0.115,29,2920,0.9922,1
256,0.115,29,2921,1.0000,1
256,0.115,29,2922,1.0000,1
256,0.115,29,2923,1.0000,1
256,0.115,29,2924,1.0000,1
256,0.115,29,2925,1.0000,1
256,0.115,29,2926,1.0000,1
256,0.115,29,2927,1.0000,1
256,0.115,29,2928,0.9922,1
256,0.115,29,2929,1.0000,1
256,0.115,29,2930,1.0000,1
256,0.115,29,2931,1.0000,1
256,0.115,29,2932,0.9766,1
256,0.115,29,2933,0.6484,0
256,0.115,29,2934,1.0000,1
256,0.115,29,2935,0.9922,1
256,0.115,29,2936,1.0000,1
256,0.115,29,2937,1.0000,1
256,0.120,31,2918,1.0000,1
256,0.120,31,2919,1.0000,1
256,0.120,31,2920,1.0000,1
256,0.120,31,2921,1.0000,1
256,0.120,31,2922,1.0000,1
256,0.120,31,2923,1.0000,1
256,0.120,31,2924,1.0000,1
256,0.120,31,2925,1.0000,1
256,0.120,31,2926,1.0000,1
256,0.120,31,2927,1.0000,1
256,0.120,31,2928,0.9922,1
256,0.120,31,2929,1.0000,1
256,0.120,31,2930,1.0000,1
256,0.120,31,2931,1.0000,1
256,0.120,31,2932,0.9688,1
256,0.120,31,2933,0.6406,0
256,0.120,31,2934,1.0000,1
256,0.120,31,2935,0.9766,1
256,0.120,31,2936,1.0000,1
256,0.120,31,2937,1.0000,1
256,0.125,32,2918,1.0000,1
256,0.125,32,2919,1.0000,1
256,0.125,32,2920,0.9922,1
256,0.125,32,2921,1.0000,1
256,0.125,32,2922,1.0000,1
256,0.125,32,2923,1.0000,1
256,0.125,32,2924,1.0000,1
256,0.125,32,2925,1.0000,1
256,0.125,32,2926,1.0000,1
256,0.125,32,2927,0.9922,1
256,0.125,32,2928,0.9922,1
256,0.125,32,2929,1.0000,1
256,0.125,32,2930,1.0000,1
256,0.125,32,2931,1.0000,1
256,0.125,32,2932,0.9844,1
256,0.125,32,2933,0.5156,0
256,0.125,32,2934,1.0000,1
256,0.125,32,2935,0.9844,1
256,0.125,32,2936,1.0000,1
256,0.125,32,2937,1.0000,1
256,0.130,33,2918,0.2891,0
256,0.130,33,2919,0.9922,1
256,0.130,33,2920,0.9922,1
256,0.130,33,2921,1.0000,1
256,0.130,33,2922,1.0000,1
256,0.130,33,2923,1.0000,1
256,0.130,33,2924,1.0000,1
256,0.130,33,2925,1.0000,1
256,0.130,33,2926,0.9922,1
256,0.130,33,2927,0.9922,1
256,0.130,33,2928,0.9922,1
256,0.130,33,2929,1.0000,1
256,0.130,33,2930,1.0000,1
256,0.130,33,2931,0.9844,1
256,0.130,33,2932,0.9844,1
256,0.130,33,2933,0.4844,0
256,0.130,33,2934,1.0000,1
256,0.130,33,2935,0.9844,1
256,0.130,33,2936,1.0000,1
256,0.130,33,2937,1.0000,1
256,0.135,35,2918,0.3672,0
256,0.135,35,2919,0.9844,1
256,0.135,35,2920,0.9688,1
256,0.135,35,2921,1.0000,1
256,0.135,35,2922,1.0000,1
256,0.135,35,2923,1.0000,1
256,0.135,35,2924,1.0000,1
256,0.135,35,2925,1.0000,1
256,0.135,35,2926,1.0000,1
256,0.135,35,2927,1.0000,1
256,0.135,35,2928,0.9844,1
256,0.135,35,2929,1.0000,1
256,0.135,35,2930,1.0000,1
256,0.135,35,2931,0.9453,0
256,0.135,35,2932,0.9844,1
256,0.135,35,2933,0.5547,0
256,0.135,35,2934,1.0000,1
256,0.135,35,2935,0.9766,1
256,0.135,35,2936,1.0000,1
256,0.135,35,2937,0.9922,1
256,0.140,36,2918,0.3672,0
256,0.140,36,2919,0.9844,1
256,0.140,36,2920,0.9688,1
256,0.140,36,2921,1.0000,1
256,0.140,36,2922,1.0000,1
256,0.140,36,2923,1.0000,1
256,0.140,36,2924,1.0000,1
256,0.140,36,2925,1.0000,1
256,0.140,36,2926,0.9922,1
256,0.140,36,2927,1.0000,1
256,0.140,36,2928,0.9844,1
256,0.140,36,2929,1.0000,1
256,0.140,36,2930,1.0000,1
256,0.140,36,2931,0.9453,0
256,0.140,36,2932,0.9766,1
256,0.140,36,2933,0.5391,0
256,0.140,36,2934,1.0000,1
256,0.140,36,2935,0.9531,1
256,0.140,36,2936,0.9922,1
256,0.140,36,2937,0.9922,1
256,0.145,37,2918,0.9453,0
256,0.145,37,2919,0.9844,1
256,0.145,37,2920,0.9688,1
256,0.145,37,2921,1.0000,1
256,0.145,37,2922,1.0000,1
256,0.145,37,2923,1.0000,1
256,0.145,37,2924,1.0000,1
256,0.145,37,2925,1.0000,1
256,0.145,37,2926,0.9922,1
256,0.145,37,2927,1.0000,1
256,0.145,37,2928,0.9688,1
256,0.145,37,2929,1.0000,1
256,0.145,37,2930,1.0000,1
256,0.145,37,2931,0.9219,0
256,0.145,37,2932,0.9219,0
256,0.145,37,2933,0.4844,0
256,0.145,37,2934,1.0000,1
256,0.145,37,2935,0.9531,1
256,0.145,37,2936,0.9922,1
256,0.145,37,2937,0.9922,1
256,0.150,38,2918,0.2891,0
256,0.150,38,2919,0.9453,0
256,0.150,38,2920,0.9688,1
256,0.150,38,2921,1.0000,1
256,0.150,38,2922,1.0000,1
256,0.150,38,2923,1.0000,1
256,0.150,38,2924,0.4688,0
256,0.150,38,2925,1.0000,1
256,0.150,38,2926,0.9922,1
256,0.150,38,2927,1.0000,1
256,0.150,38,2928,0.9844,1
256,0.150,38,2929,1.0000,1
256,0.150,38,2930,1.0000,1
256,0.150,38,2931,0.1406,0
256,0.150,38,2932,0.9219,0
256,0.150,38,2933,0.4609,0
256,0.150,38,2934,1.0000,1
256,0.150,38,2935,0.9844,1
256,0.150,38,2936,0.9922,1
256,0.150,38,2937,0.9922,1
256,0.155,40,2918,0.9844,1
256,0.155,40,2919,0.9453,0
256,0.155,40,2920,0.9844,1
256,0.155,40,2921,1.0000,1
256,0.155,40,2922,1.0000,1
256,0.155,40,2923,1.0000,1
256,0.155,40,2924,0.5078,0
256,0.155,40,2925,1.0000,1
256,0.155,40,2926,0.9609,1
256,0.155,40,2927,0.9531,1
256,0.155,40,2928,0.9922,1
256,0.155,40,2929,1.0000,1
256,0.155,40,2930,0.9922,1
256,0.155,40,2931,0.6953,0
256,0.155,40,2932,0.8906,0
256,0.155,40,2933,0.7656,0
256,0.155,40,2934,1.0000,1
256,0.155,40,2935,0.9844,1
256,0.155,40,2936,0.9766,1
256,0.155,40,2937,0.9922,1
256,0.160,41,2918,0.3750,0
256,0.160,41,2919,0.9453,0
256,0.160,41,2920,0.9844,1
256,0.160,41,2921,1.0000,1
256,0.160,41,2922,1.0000,1
256,0.160,41,2923,1.0000,1
256,0.160,41,2924,0.5000,0
256,0.160,41,2925,1.0000,1
256,0.160,41,2926,0.9688,1
256,0.160,41,2927,0.9141,0
256,0.160,41,2928,0.9844,1
256,0.160,41,2929,0.9922,1
256,0.160,41,2930,1.0000,1
256,0.160,41,2931,0.9141,0
256,0.160,41,2932,0.9219,0
256,0.160,41,2933,0.5312,0
256,0.160,41,2934,1.0000,1
256,0.160,41,2935,0.9062,0
256,0.160,41,2936,0.9609,1
256,0.160,41,2937,0.9922,1
512,0.100,51,2918,1.0000,1
512,0.100,51,2919,1.0000,1
512,0.100,51,2920,1.0000,1
512,0.100,51,2921,1.0000,1
512,0.100,51,2922,0.9922,1
512,0.100,51,2923,1.0000,1
512,0.100,51,2924,0.9961,1
512,0.100,51,2925,1.0000,1
512,0.100,51,2926,0.9805,1
512,0.100,51,2927,1.0000,1
512,0.100,51,2928,0.9961,1
512,0.100,51,2929,1.0000,1
512,0.100,51,2930,1.0000,1
512,0.100,51,2931,1.0000,1
512,0.100,51,2932,0.9922,1
512,0.100,51,2933,1.0000,1
512,0.100,51,2934,1.0000,1
512,0.100,51,2935,0.9883,1
512,0.100,51,2936,1.0000,1
512,0.100,51,2937,1.0000,1
512,0.105,54,2918,1.0000,1
512,0.105,54,2919,0.9961,1
512,0.105,54,2920,1.0000,1
512,0.105,54,2921,1.0000,1
512,0.105,54,2922,0.9961,1
512,0.105,54,2923,1.0000,1
512,0.105,54,2924,1.0000,1
512,0.105,54,2925,1.0000,1
512,0.105,54,2926,0.9805,1
512,0.105,54,2927,1.0000,1
512,0.105,54,2928,0.9961,1
512,0.105,54,2929,0.9961,1
512,0.105,54,2930,1.0000,1
512,0.105,54,2931,1.0000,1
512,0.105,54,2932,0.9922,1
512,0.105,54,2933,1.0000,1
512,0.105,54,2934,0.9961,1
512,0.105,54,2935,1.0000,1
512,0.105,54,2936,1.0000,1
512,0.105,54,2937,1.0000,1
512,0.110,56,2918,1.0000,1
512,0.110,56,2919,1.0000,1
512,0.110,56,2920,0.9961,1
512,0.110,56,2921,0.9961,1
512,0.110,56,2922,1.0000,1
512,0.110,56,2923,1.0000,1
512,0.110,56,2924,1.0000,1
512,0.110,56,2925,1.0000,1
512,0.110,56,2926,0.9805,1
512,0.110,56,2927,1.0000,1
512,0.110,56,2928,0.9961,1
512,0.110,56,2929,0.9961,1
512,0.110,56,2930,0.9961,1
512,0.110,56,2931,0.9961,1
512,0.110,56,2932,0.9922,1
512,0.110,56,2933,1.0000,1
512,0.110,56,2934,1.0000,1
512,0.110,56,2935,1.0000,1
512,0.110,56,2936,1.0000,1
512,0.110,56,2937,1.0000,1
512,0.115,59,2918,1.0000,1
512,0.115,59,2919,1.0000,1
512,0.115,59,2920,0.9961,1
512,0.115,59,2921,0.9961,1
512,0.115,59,2922,0.9961,1
512,0.115,59,2923,1.0000,1
512,0.115,59,2924,1.0000,1
512,0.115,59,2925,0.9961,1
512,0.115,59,2926,0.9766,1
512,0.115,59,2927,0.9961,1
512,0.115,59,2928,0.9961,1
512,0.115,59,2929,0.9883,1
512,0.115,59,2930,1.0000,1
512,0.115,59,2931,0.9961,1
512,0.115,59,2932,0.9688,1
512,0.115,59,2933,1.0000,1
512,0.115,59,2934,0.9883,1
512,0.115,59,2935,0.9766,1
512,0.115,59,2936,1.0000,1
512,0.115,59,2937,1.0000,1
512,0.120,61,2918,1.0000,1
512,0.120,61,2919,0.9961,1
512,0.120,61,2920,0.9961,1
512,0.120,61,2921,0.9883,1
512,0.120,61,2922,1.0000,1
512,0.120,61,2923,0.9961,1
512,0.120,61,2924,1.0000,1
512,0.120,61,2925,0.9961,1
512,0.120,61,2926,0.9844,1
512,0.120,61,2927,0.9961,1
512,0.120,61,2928,0.9922,1
512,0.120,61,2929,0.9883,1
512,0.120,61,2930,0.9961,1
512,0.120,61,2931,0.9961,1
512,0.120,61,2932,0.9688,1
512,0.120,61,2933,1.0000,1
512,0.120,61,2934,0.9883,1
512,0.120,61,2935,0.9727,1
512,0.120,61,2936,1.0000,1
512,0.120,61,2937,0.9961,1
512,0.125,64,2918,0.9961,1
512,0.125,64,2919,1.0000,1
512,0.125,64,2920,0.9961,1
512,0.125,64,2921,0.9883,1
512,0.125,64,2922,0.9961,1
512,0.125,64,2923,0.9883,1
512,0.125,64,2924,1.0000,1
512,0.125,64,2925,0.9961,1
512,0.125,64,2926,0.9922,1
512,0.125,64,2927,0.9961,1
512,0.125,64,2928,0.9922,1
512,0.125,64,2929,0.9727,1
512,0.125,64,2930,0.9961,1
512,0.125,64,2931,1.0000,1
512,0.125,64,2932,0.9883,1
512,0.125,64,2933,1.0000,1
512,0.125,64,2934,0.9922,1
512,0.125,64,2935,0.8438,0
512,0.125,64,2936,1.0000,1
512,0.125,64,2937,0.9961,1
512,0.130,67,2918,0.9961,1
512,0.130,67,2919,1.0000,1
512,0.130,67,2920,0.9883,1
512,0.130,67,2921,0.9883,1
512,0.130,67,2922,0.9922,1
512,0.130,67,2923,0.9883,1
512,0.130,67,2924,1.0000,1
512,0.130,67,2925,0.9883,1
512,0.130,67,2926,0.9844,1
512,0.130,67,2927,0.9883,1
512,0.130,67,2928,0.9961,1
512,0.130,67,2929,0.5117,0
512,0.130,67,2930,1.0000,1
512,0.130,67,2931,1.0000,1
512,0.130,67,2932,0.9648,1
512,0.130,67,2933,0.9922,1
512,0.130,67,2934,0.9922,1
512,0.130,67,2935,0.3867,0
512,0.130,67,2936,1.0000,1
512,0.130,67,2937,0.9922,1
512,0.135,69,2918,0.9961,1
512,0.135,69,2919,1.0000,1
512,0.135,69,2920,0.9922,1
512,0.135,69,2921,0.9844,1
512,0.135,69,2922,0.9922,1
512,0.135,69,2923,0.4805,0
512,0.135,69,2924,1.0000,1
512,0.135,69,2925,0.9883,1
512,0.135,69,2926,0.9180,0
512,0.135,69,2927,1.0000,1
512,0.135,69,2928,0.9961,1
512,0.135,69,2929,0.6797,0
512,0.135,69,2930,1.0000,1
512,0.135,69,2931,1.0000,1
512,0.135,69,2932,0.9609,1
512,0.135,69,2933,0.9883,1
512,0.135,69,2934,0.9922,1
512,0.135,69,2935,0.3633,0
512,0.135,69,2936,1.0000,1
512,0.135,69,2937,0.9883,1
512,0.140,72,2918,0.9883,1
512,0.140,72,2919,1.0000,1
512,0.140,72,2920,0.9922,1
512,0.140,72,2921,0.9883,1
512,0.140,72,2922,0.9922,1
512,0.140,72,2923,0.4492,0
512,0.140,72,2924,1.0000,1
512,0.140,72,2925,0.9844,1
512,0.140,72,2926,0.8984,0
512,0.140,72,2927,1.0000,1
512,0.140,72,2928,0.9922,1
512,0.140,72,2929,0.6406,0
512,0.140,72,2930,1.0000,1
512,0.140,72,2931,1.0000,1
512,0.140,72,2932,0.9531,1
512,0.140,72,2933,1.0000,1
512,0.140,72,2934,0.9844,1
512,0.140,72,2935,0.3477,0
512,0.140,72,2936,1.0000,1
512,0.140,72,2937,0.9922,1
512,0.145,74,2918,0.9883,1
512,0.145,74,2919,1.0000,1
512,0.145,74,2920,0.9844,1
512,0.145,74,2921,0.9844,1
512,0.145,74,2922,0.9922,1
512,0.145,74,2923,0.5586,0
512,0.145,74,2924,1.0000,1
512,0.145,74,2925,0.9844,1
512,0.145,74,2926,0.8906,0
512,0.145,74,2927,0.9961,1
512,0.145,74,2928,1.0000,1
512,0.145,74,2929,0.6211,0
512,0.145,74,2930,0.9844,1
512,0.145,74,2931,1.0000,1
512,0.145,74,2932,0.9531,1
512,0.145,74,2933,0.9961,1
512,0.145,74,2934,0.9727,1
512,0.145,74,2935,0.5898,0
512,0.145,74,2936,1.0000,1
512,0.145,74,2937,0.9883,1
512,0.150,77,2918,0.9922,1
512,0.150,77,2919,0.9961,1
512,0.150,77,2920,0.9844,1
512,0.150,77,2921,0.9805,1
512,0.150,77,2922,0.9922,1
512,0.150,77,2923,0.4414,0
512,0.150,77,2924,1.0000,1
512,0.150,77,2925,0.9805,1
512,0.150,77,2926,0.9805,1
512,0.150,77,2927,0.9961,1
512,0.150,77,2928,0.9961,1
512,0.150,77,2929,0.5977,0
512,0.150,77,2930,0.9844,1
512,0.150,77,2931,0.9883,1
512,0.150,77,2932,0.9492,0
512,0.150,77,2933,1.0000,1
512,0.150,77,2934,0.8828,0
512,0.150,77,2935,0.4492,0
512,0.150,77,2936,1.0000,1
512,0.150,77,2937,0.9688,1
512,0.155,79,2918,0.9922,1
512,0.155,79,2919,0.9883,1
512,0.155,79,2920,0.9727,1
512,0.155,79,2921,0.9805,1
512,0.155,79,2922,0.9922,1
512,0.155,79,2923,0.5703,0
512,0.155,79,2924,1.0000,1
512,0.155,79,2925,0.9727,1
512,0.155,79,2926,0.9805,1
512,0.155,79,2927,0.9531,1
512,0.155,79,2928,0.9922,1
512,0.155,79,2929,0.6797,0
512,0.155,79,2930,0.9648,1
512,0.155,79,2931,0.9844,1
512,0.155,79,2932,0.9492,0
512,0.155,79,2933,0.9727,1
512,0.155,79,2934,0.9102,0
512,0.155,79,2935,0.4141,0
512,0.155,79,2936,1.0000,1
512,0.155,79,2937,0.3867,0
512,0.160,82,2918,0.9922,1
512,0.160,82,2919,0.9805,1
512,0.160,82,2920,0.9609,1
512,0.160,82,2921,0.9805,1
512,0.160,82,2922,0.9922,1
512,0.160,82,2923,0.3359,0
512,0.160,82,2924,0.9961,1
512,0.160,82,2925,0.9727,1
512,0.160,82,2926,0.9805,1
512,0.160,82,2927,0.9414,0
512,0.160,82,2928,0.9961,1
512,0.160,82,2929,0.4102,0
512,0.160,82,2930,0.9531,1
512,0.160,82,2931,0.9844,1
512,0.160,82,2932,0.9570,1
512,0.160,82,2933,0.8984,0
512,0.160,82,2934,0.7656,0
512,0.160,82,2935,0.8945,0
512,0.160,82,2936,1.0000,1
512,0.160,82,2937,0.3281,0
1024,0.100,102,2918,1.0000,1
1024,0.100,102,2919,1.0000,1
1024,0.100,102,2920,1.0000,1
1024,0.100,102,2921,1.0000,1
1024,0.100,102,2922,1.0000,1
1024,0.100,102,2923,1.0000,1
1024,0.100,102,2924,0.9980,1
1024,0.100,102,2925,1.0000,1
1024,0.100,102,2926,1.0000,1
1024,0.100,102,2927,0.9961,1
1024,0.100,102,2928,0.9961,1
1024,0.100,102,2929,1.0000,1
1024,0.100,102,2930,0.9980,1
1024,0.100,102,2931,1.0000,1
1024,0.100,102,2932,0.9922,1
1024,0.100,102,2933,1.0000,1
1024,0.100,102,2934,0.9922,1
1024,0.100,102,2935,1.0000,1
1024,0.100,102,2936,0.9961,1
1024,0.100,102,2937,1.0000,1
1024,0.105,108,2918,1.0000,1
1024,0.105,108,2919,1.0000,1
1024,0.105,108,2920,1.0000,1
1024,0.105,108,2921,0.9980,1
1024,0.105,108,2922,0.9980,1
1024,0.105,108,2923,0.9961,1
1024,0.105,108,2924,0.9980,1
1024,0.105,108,2925,1.0000,1
1024,0.105,108,2926,0.9980,1
1024,0.105,108,2927,0.9980,1
1024,0.105,108,2928,1.0000,1
1024,0.105,108,2929,0.9961,1
1024,0.105,108,2930,0.9980,1
1024,0.105,108,2931,1.0000,1
1024,0.105,108,2932,0.9902,1
1024,0.105,108,2933,1.0000,1
1024,0.105,108,2934,0.9902,1
1024,0.105,108,2935,0.9980,1
1024,0.105,108,2936,0.9883,1
1024,0.105,108,2937,1.0000,1
1024,0.110,113,2918,1.0000,1
1024,0.110,113,2919,0.9980,1
1024,0.110,113,2920,1.0000,1
1024,0.110,113,2921,0.9980,1
1024,0.110,113,2922,1.0000,1
1024,0.110,113,2923,0.9922,1
1024,0.110,113,2924,0.9941,1
1024,0.110,113,2925,0.9922,1
1024,0.110,113,2926,1.0000,1
1024,0.110,113,2927,0.9941,1
1024,0.110,113,2928,0.9961,1
1024,0.110,113,2929,0.9961,1
1024,0.110,113,2930,0.9961,1
1024,0.110,113,2931,1.0000,1
1024,0.110,113,2932,0.9941,1
1024,0.110,113,2933,1.0000,1
1024,0.110,113,2934,0.9941,1
1024,0.110,113,2935,0.9980,1
1024,0.110,113,2936,0.9902,1
1024,0.110,113,2937,1.0000,1
1024,0.115,118,2918,1.0000,1
1024,0.115,118,2919,1.0000,1
1024,0.115,118,2920,1.0000,1
1024,0.115,118,2921,1.0000,1
1024,0.115,118,2922,0.9941,1
1024,0.115,118,2923,0.9883,1
1024,0.115,118,2924,0.9941,1
1024,0.115,118,2925,0.9922,1
1024,0.115,118,2926,0.9941,1
1024,0.115,118,2927,0.9961,1
1024,0.115,118,2928,0.9922,1
1024,0.115,118,2929,0.9961,1
1024,0.115,118,2930,0.9941,1
1024,0.115,118,2931,0.9980,1
1024,0.115,118,2932,0.9902,1
1024,0.115,118,2933,1.0000,1
1024,0.115,118,2934,0.9941,1
1024,0.115,118,2935,0.9961,1
1024,0.115,118,2936,0.9922,1
1024,0.115,118,2937,1.0000,1
1024,0.120,123,2918,1.0000,1
1024,0.120,123,2919,1.0000,1
1024,0.120,123,2920,1.0000,1
1024,0.120,123,2921,1.0000,1
1024,0.120,123,2922,0.9941,1
1024,0.120,123,2923,0.9941,1
1024,0.120,123,2924,0.9414,0
1024,0.120,123,2925,0.9922,1
1024,0.120,123,2926,0.9883,1
1024,0.120,123,2927,0.9902,1
1024,0.120,123,2928,0.9941,1
1024,0.120,123,2929,0.9922,1
1024,0.120,123,2930,0.9961,1
1024,0.120,123,2931,1.0000,1
1024,0.120,123,2932,0.9883,1
1024,0.120,123,2933,0.9980,1
1024,0.120,123,2934,0.9746,1
1024,0.120,123,2935,0.9961,1
1024,0.120,123,2936,0.9883,1
1024,0.120,123,2937,1.0000,1
1024,0.125,128,2918,0.9961,1
1024,0.125,128,2919,1.0000,1
1024,0.125,128,2920,1.0000,1
1024,0.125,128,2921,1.0000,1
1024,0.125,128,2922,0.9922,1
1024,0.125,128,2923,0.9785,1
1024,0.125,128,2924,0.9336,0
1024,0.125,128,2925,0.9902,1
1024,0.125,128,2926,0.9961,1
1024,0.125,128,2927,0.9922,1
1024,0.125,128,2928,0.9922,1
1024,0.125,128,2929,0.9863,1
1024,0.125,128,2930,0.9922,1
1024,0.125,128,2931,1.0000,1
1024,0.125,128,2932,0.9922,1
1024,0.125,128,2933,0.9980,1
1024,0.125,128,2934,0.9668,1
1024,0.125,128,2935,0.9902,1
1024,0.125,128,2936,0.9824,1
1024,0.125,128,2937,1.0000,1
1024,0.130,133,2918,1.0000,1
1024,0.130,133,2919,1.0000,1
1024,0.130,133,2920,1.0000,1
1024,0.130,133,2921,0.9961,1
1024,0.130,133,2922,0.9883,1
1024,0.130,133,2923,0.9395,0
1024,0.130,133,2924,0.9258,0
1024,0.130,133,2925,0.9551,1
1024,0.130,133,2926,0.9824,1
1024,0.130,133,2927,0.9961,1
1024,0.130,133,2928,0.9941,1
1024,0.130,133,2929,0.9980,1
1024,0.130,133,2930,0.9922,1
1024,0.130,133,2931,1.0000,1
1024,0.130,133,2932,0.9883,1
1024,0.130,133,2933,0.9980,1
1024,0.130,133,2934,0.9297,0
1024,0.130,133,2935,0.9863,1
1024,0.130,133,2936,0.9297,0
1024,0.130,133,2937,0.9980,1
1024,0.135,138,2918,0.9922,1
1024,0.135,138,2919,0.9980,1
1024,0.135,138,2920,0.9980,1
1024,0.135,138,2921,0.9922,1
1024,0.135,138,2922,0.9805,1
1024,0.135,138,2923,0.9824,1
1024,0.135,138,2924,0.3828,0
1024,0.135,138,2925,0.9512,1
1024,0.135,138,2926,0.9902,1
1024,0.135,138,2927,0.9961,1
1024,0.135,138,2928,0.9941,1
1024,0.135,138,2929,0.9863,1
1024,0.135,138,2930,0.9863,1
1024,0.135,138,2931,1.0000,1
1024,0.135,138,2932,0.9902,1
1024,0.135,138,2933,0.9961,1
1024,0.135,138,2934,0.9102,0
1024,0.135,138,2935,0.9844,1
1024,0.135,138,2936,0.9805,1
1024,0.135,138,2937,0.9961,1
1024,0.140,143,2918,0.9941,1
1024,0.140,143,2919,1.0000,1
1024,0.140,143,2920,0.9961,1
1024,0.140,143,2921,0.9902,1
1024,0.140,143,2922,0.9297,0
1024,0.140,143,2923,0.9609,1
1024,0.140,143,2924,0.4805,0
1024,0.140,143,2925,0.9551,1
1024,0.140,143,2926,0.9902,1
1024,0.140,143,2927,0.9941,1
1024,0.140,143,2928,0.9941,1
1024,0.140,143,2929,0.9902,1
1024,0.140,143,2930,0.9375,0
1024,0.140,143,2931,1.0000,1
1024,0.140,143,2932,0.9785,1
1024,0.140,143,2933,0.9961,1
1024,0.140,143,2934,0.3262,0
1024,0.140,143,2935,0.9863,1
1024,0.140,143,2936,0.4141,0
1024,0.140,143,2937,0.9961,1
1024,0.145,148,2918,0.9902,1
1024,0.145,148,2919,0.9961,1
1024,0.145,148,2920,0.9980,1
1024,0.145,148,2921,0.9922,1
1024,0.145,148,2922,0.9199,0
1024,0.145,148,2923,0.9531,1
1024,0.145,148,2924,0.4062,0
1024,0.145,148,2925,0.9668,1
1024,0.145,148,2926,0.9766,1
1024,0.145,148,2927,0.9941,1
1024,0.145,148,2928,0.9941,1
1024,0.145,148,2929,0.9844,1
1024,0.145,148,2930,0.2949,0
1024,0.145,148,2931,0.9980,1
1024,0.145,148,2932,0.9590,1
1024,0.145,148,2933,0.9961,1
1024,0.145,148,2934,0.2871,0
1024,0.145,148,2935,0.9922,1
1024,0.145,148,2936,0.4316,0
1024,0.145,148,2937,0.9902,1
1024,0.150,154,2918,0.9863,1
1024,0.150,154,2919,0.9941,1
1024,0.150,154,2920,0.9844,1
1024,0.150,154,2921,0.9668,1
1024,0.150,154,2922,0.3105,0
1024,0.150,154,2923,0.4121,0
1024,0.150,154,2924,0.8262,0
1024,0.150,154,2925,0.9629,1
1024,0.150,154,2926,0.9785,1
1024,0.150,154,2927,0.9688,1
1024,0.150,154,2928,0.9941,1
1024,0.150,154,2929,0.9746,1
1024,0.150,154,2930,0.9453,0
1024,0.150,154,2931,0.9863,1
1024,0.150,154,2932,0.9316,0
1024,0.150,154,2933,0.9961,1
1024,0.150,154,2934,0.3828,0
1024,0.150,154,2935,0.9082,0
1024,0.150,154,2936,0.4531,0
1024,0.150,154,2937,0.9902,1
1024,0.155,159,2918,0.9883,1
1024,0.155,159,2919,0.9902,1
1024,0.155,159,2920,0.9844,1
1024,0.155,159,2921,0.9688,1
1024,0.155,159,2922,0.9453,0
1024,0.155,159,2923,0.4062,0
1024,0.155,159,2924,0.6992,0
1024,0.155,159,2925,0.9629,1
1024,0.155,159,2926,0.9688,1
1024,0.155,159,2927,0.9668,1
1024,0.155,159,2928,0.9922,1
1024,0.155,159,2929,0.9902,1
1024,0.155,159,2930,0.3008,0
1024,0.155,159,2931,0.9844,1
1024,0.155,159,2932,0.8984,0
1024,0.155,159,2933,0.9961,1
1024,0.155,159,2934,0.4160,0
1024,0.155,159,2935,0.3398,0
1024,0.155,159,2936,0.5312,0
1024,0.155,159,2937,0.9902,1
1024,0.160,164,2918,0.9883,1
1024,0.160,164,2919,0.9902,1
1024,0.160,164,2920,0.9844,1
1024,0.160,164,2921,0.9805,1
1024,0.160,164,2922,0.3301,0
1024,0.160,164,2923,0.9062,0
1024,0.160,164,2924,0.6738,0
1024,0.160,164,2925,0.9609,1
1024,0.160,164,2926,0.9336,0
1024,0.160,164,2927,0.9648,1
1024,0.160,164,2928,0.9883,1
1024,0.160,164,2929,0.4375,0
1024,0.160,164,2930,0.3066,0
1024,0.160,164,2931,0.9883,1
1024,0.160,164,2932,0.7773,0
1024,0.160,164,2933,0.9941,1
1024,0.160,164,2934,0.3926,0
1024,0.160,164,2935,0.2812,0
1024,0.160,164,2936,0.5312,0
1024,0.160,164,2937,0.9824,1
2048,0.100,205,2918,0.9971,1
2048,0.100,205,2919,0.9980,1
2048,0.100,205,2920,0.9971,1
2048,0.100,205,2921,1.0000,1
2048,0.100,205,2922,0.9990,1
2048,0.100,205,2923,0.9932,1
2048,0.100,205,2924,0.9971,1
2048,0.100,205,2925,0.9990,1
2048,0.100,205,2926,0.9980,1
2048,0.100,205,2927,0.9941,1
2048,0.100,205,2928,0.9990,1
2048,0.100,205,2929,0.9990,1
2048,0.100,205,2930,0.9990,1
2048,0.100,205,2931,1.0000,1
2048,0.100,205,2932,0.9951,1
2048,0.100,205,2933,1.0000,1
2048,0.100,205,2934,0.9922,1
2048,0.100,205,2935,1.0000,1
2048,0.100,205,2936,1.0000,1
2048,0.100,205,2937,0.9990,1
2048,0.105,215,2918,0.9971,1
2048,0.105,215,2919,0.9951,1
2048,0.105,215,2920,0.9980,1
2048,0.105,215,2921,1.0000,1
2048,0.105,215,2922,0.9990,1
2048,0.105,215,2923,0.9824,1
2048,0.105,215,2924,0.9863,1
2048,0.105,215,2925,0.9990,1
2048,0.105,215,2926,0.9941,1
2048,0.105,215,2927,0.9922,1
2048,0.105,215,2928,0.9990,1
2048,0.105,215,2929,1.0000,1
2048,0.105,215,2930,0.9990,1
2048,0.105,215,2931,1.0000,1
2048,0.105,215,2932,0.9951,1
2048,0.105,215,2933,1.0000,1
2048,0.105,215,2934,0.9922,1
2048,0.105,215,2935,1.0000,1
2048,0.105,215,2936,0.9971,1
2048,0.105,215,2937,1.0000,1
2048,0.110,225,2918,0.9961,1
2048,0.110,225,2919,0.9980,1
2048,0.110,225,2920,0.9980,1
2048,0.110,225,2921,0.9971,1
2048,0.110,225,2922,0.9980,1
2048,0.110,225,2923,0.9873,1
2048,0.110,225,2924,0.9873,1
2048,0.110,225,2925,0.9990,1
2048,0.110,225,2926,0.9912,1
2048,0.110,225,2927,0.9902,1
2048,0.110,225,2928,0.9971,1
2048,0.110,225,2929,0.9990,1
2048,0.110,225,2930,1.0000,1
2048,0.110,225,2931,0.9980,1
2048,0.110,225,2932,0.9912,1
2048,0.110,225,2933,0.9990,1
2048,0.110,225,2934,0.9922,1
2048,0.110,225,2935,0.9980,1
2048,0.110,225,2936,0.9990,1
2048,0.110,225,2937,1.0000,1
2048,0.115,236,2918,0.9912,1
2048,0.115,236,2919,0.9902,1
2048,0.115,236,2920,0.9980,1
2048,0.115,236,2921,0.9971,1
2048,0.115,236,2922,0.9961,1
2048,0.115,236,2923,0.9912,1
2048,0.115,236,2924,0.9883,1
2048,0.115,236,2925,0.9961,1
2048,0.115,236,2926,0.9902,1
2048,0.115,236,2927,0.9932,1
2048,0.115,236,2928,0.9961,1
2048,0.115,236,2929,0.9990,1
2048,0.115,236,2930,0.9990,1
2048,0.115,236,2931,0.9961,1
2048,0.115,236,2932,0.9902,1
2048,0.115,236,2933,0.9990,1
2048,0.115,236,2934,0.9912,1
2048,0.115,236,2935,0.9951,1
2048,0.115,236,2936,0.9961,1
2048,0.115,236,2937,0.9922,1
2048,0.120,246,2918,0.9775,1
2048,0.120,246,2919,0.9795,1
2048,0.120,246,2920,0.9971,1
2048,0.120,246,2921,0.9951,1
2048,0.120,246,2922,0.9961,1
2048,0.120,246,2923,0.9883,1
2048,0.120,246,2924,0.9912,1
2048,0.120,246,2925,0.9902,1
2048,0.120,246,2926,0.9932,1
2048,0.120,246,2927,0.9912,1
2048,0.120,246,2928,0.9902,1
2048,0.120,246,2929,0.9971,1
2048,0.120,246,2930,0.9971,1
2048,0.120,246,2931,0.9980,1
2048,0.120,246,2932,0.9883,1
2048,0.120,246,2933,0.9990,1
2048,0.120,246,2934,0.9834,1
2048,0.120,246,2935,0.9951,1
2048,0.120,246,2936,0.9961,1
2048,0.120,246,2937,0.9922,1
2048,0.125,256,2918,0.9805,1
2048,0.125,256,2919,0.9229,0
2048,0.125,256,2920,0.9961,1
2048,0.125,256,2921,0.9961,1
2048,0.125,256,2922,0.9951,1
2048,0.125,256,2923,0.9785,1
2048,0.125,256,2924,0.9883,1
2048,0.125,256,2925,0.9971,1
2048,0.125,256,2926,0.9961,1
2048,0.125,256,2927,0.9873,1
2048,0.125,256,2928,0.9834,1
2048,0.125,256,2929,0.9980,1
2048,0.125,256,2930,0.9961,1
2048,0.125,256,2931,0.9990,1
2048,0.125,256,2932,0.9893,1
2048,0.125,256,2933,0.9971,1
2048,0.125,256,2934,0.9883,1
2048,0.125,256,2935,0.9941,1
2048,0.125,256,2936,0.9941,1
2048,0.125,256,2937,0.9902,1
2048,0.130,266,2918,0.9668,1
2048,0.130,266,2919,0.3105,0
2048,0.130,266,2920,0.9971,1
2048,0.130,266,2921,0.9971,1
2048,0.130,266,2922,0.9961,1
2048,0.130,266,2923,0.9756,1
2048,0.130,266,2924,0.9863,1
2048,0.130,266,2925,0.9678,1
2048,0.130,266,2926,0.9932,1
2048,0.130,266,2927,0.9844,1
2048,0.130,266,2928,0.9863,1
2048,0.130,266,2929,0.9980,1
2048,0.130,266,2930,0.9961,1
2048,0.130,266,2931,0.9971,1
2048,0.130,266,2932,0.9824,1
2048,0.130,266,2933,0.9941,1
2048,0.130,266,2934,0.9775,1
2048,0.130,266,2935,0.9893,1
2048,0.130,266,2936,0.9932,1
2048,0.130,266,2937,0.9883,1
2048,0.135,276,2918,0.2861,0
2048,0.135,276,2919,0.2832,0
2048,0.135,276,2920,0.9902,1
2048,0.135,276,2921,0.9971,1
2048,0.135,276,2922,0.9951,1
2048,0.135,276,2923,0.9492,0
2048,0.135,276,2924,0.9785,1
2048,0.135,276,2925,0.9619,1
2048,0.135,276,2926,0.9854,1
2048,0.135,276,2927,0.9873,1
2048,0.135,276,2928,0.9863,1
2048,0.135,276,2929,0.9980,1
2048,0.135,276,2930,0.9902,1
2048,0.135,276,2931,0.9912,1
2048,0.135,276,2932,0.9795,1
2048,0.135,276,2933,0.9883,1
2048,0.135,276,2934,0.9785,1
2048,0.135,276,2935,0.9902,1
2048,0.135,276,2936,0.9941,1
2048,0.135,276,2937,0.9912,1
2048,0.140,287,2918,0.3555,0
2048,0.140,287,2919,0.4355,0
2048,0.140,287,2920,0.9912,1
2048,0.140,287,2921,0.9697,1
2048,0.140,287,2922,0.9922,1
2048,0.140,287,2923,0.6426,0
2048,0.140,287,2924,0.9629,1
2048,0.140,287,2925,0.9473,0
2048,0.140,287,2926,0.9863,1
2048,0.140,287,2927,0.9805,1
2048,0.140,287,2928,0.9834,1
2048,0.140,287,2929,0.9951,1
2048,0.140,287,2930,0.9961,1
2048,0.140,287,2931,0.9922,1
2048,0.140,287,2932,0.3311,0
2048,0.140,287,2933,0.9873,1
2048,0.140,287,2934,0.9648,1
2048,0.140,287,2935,0.9902,1
2048,0.140,287,2936,0.9941,1
2048,0.140,287,2937,0.9844,1
2048,0.145,297,2918,0.3027,0
2048,0.145,297,2919,0.3965,0
2048,0.145,297,2920,0.9922,1
2048,0.145,297,2921,0.9678,1
2048,0.145,297,2922,0.9932,1
2048,0.145,297,2923,0.4932,0
2048,0.145,297,2924,0.9648,1
2048,0.145,297,2925,0.9590,1
2048,0.145,297,2926,0.9824,1
2048,0.145,297,2927,0.9805,1
2048,0.145,297,2928,0.2188,0
2048,0.145,297,2929,0.9395,0
2048,0.145,297,2930,0.9951,1
2048,0.145,297,2931,0.9854,1
2048,0.145,297,2932,0.7754,0
2048,0.145,297,2933,0.9658,1
2048,0.145,297,2934,0.3223,0
2048,0.145,297,2935,0.9844,1
2048,0.145,297,2936,0.9941,1
2048,0.145,297,2937,0.9736,1
2048,0.150,307,2918,0.3486,0
2048,0.150,307,2919,0.3877,0
2048,0.150,307,2920,0.9922,1
2048,0.150,307,2921,0.9717,1
2048,0.150,307,2922,0.9912,1
2048,0.150,307,2923,0.5449,0
2048,0.150,307,2924,0.9707,1
2048,0.150,307,2925,0.9531,1
2048,0.150,307,2926,0.9805,1
2048,0.150,307,2927,0.9463,0
2048,0.150,307,2928,0.3467,0
2048,0.150,307,2929,0.2178,0
2048,0.150,307,2930,0.9912,1
2048,0.150,307,2931,0.9805,1
2048,0.150,307,2932,0.7539,0
2048,0.150,307,2933,0.9863,1
2048,0.150,307,2934,0.3584,0
2048,0.150,307,2935,0.9902,1
2048,0.150,307,2936,0.9854,1
2048,0.150,307,2937,0.9668,1
2048,0.155,317,2918,0.3896,0
2048,0.155,317,2919,0.3086,0
2048,0.155,317,2920,0.9844,1
2048,0.155,317,2921,0.9854,1
2048,0.155,317,2922,0.9912,1
2048,0.155,317,2923,0.5244,0
2048,0.155,317,2924,0.9502,1
2048,0.155,317,2925,0.4023,0
2048,0.155,317,2926,0.9453,0
2048,0.155,317,2927,0.2100,0
2048,0.155,317,2928,0.3662,0
2048,0.155,317,2929,0.2656,0
2048,0.155,317,2930,0.5293,0
2048,0.155,317,2931,0.9766,1
2048,0.155,317,2932,0.8418,0
2048,0.155,317,2933,0.9580,1
2048,0.155,317,2934,0.3242,0
2048,0.155,317,2935,0.9873,1
2048,0.155,317,2936,0.9883,1
2048,0.155,317,2937,0.9639,1
2048,0.160,328,2918,0.3242,0
2048,0.160,328,2919,0.3350,0
2048,0.160,328,2920,0.9863,1
2048,0.160,328,2921,0.9824,1
2048,0.160,328,2922,0.9912,1
2048,0.160,328,2923,0.4453,0
2048,0.160,328,2924,0.9414,0
2048,0.160,328,2925,0.2588,0
2048,0.160,328,2926,0.2383,0
2048,0.160,328,2927,0.9639,1
2048,0.160,328,2928,0.2461,0
2048,0.160,328,2929,0.1963,0
2048,0.160,328,2930,0.9629,1
2048,0.160,328,2931,0.3613,0
2048,0.160,328,2932,0.5264,0
2048,0.160,328,2933,0.9658,1
2048,0.160,328,2934,0.3281,0
2048,0.160,328,2935,0.9912,1
2048,0.160,328,2936,0.9795,1
2048,0.160,328,2937,0.9473,0
4096,0.100,410,2918,0.9990,1
4096,0.100,410,2919,0.9966,1
4096,0.100,410,2920,0.9990,1
4096,0.100,410,2921,0.9980,1
4096,0.100,410,2922,0.9985,1
4096,0.100,410,2923,1.0000,1
4096,0.100,410,2924,0.9995,1
4096,0.100,410,2925,0.9980,1
4096,0.100,410,2926,0.9985,1
4096,0.100,410,2927,0.9971,1
4096,0.100,410,2928,0.9985,1
4096,0.100,410,2929,0.9961,1
4096,0.100,410,2930,0.9966,1
4096,0.100,410,2931,0.9980,1
4096,0.100,410,2932,0.9980,1
4096,0.100,410,2933,0.9980,1
4096,0.100,410,2934,0.9995,1
4096,0.100,410,2935,0.9976,1
4096,0.100,410,2936,0.9980,1
4096,0.100,410,2937,0.9995,1
4096,0.105,430,2918,0.9990,1
4096,0.105,430,2919,0.9966,1
4096,0.105,430,2920,0.9980,1
4096,0.105,430,2921,0.9971,1
4096,0.105,430,2922,0.9971,1
4096,0.105,430,2923,1.0000,1
4096,0.105,430,2924,0.9990,1
4096,0.105,430,2925,0.9985,1
4096,0.105,430,2926,0.9971,1
4096,0.105,430,2927,0.9956,1
4096,0.105,430,2928,0.9976,1
4096,0.105,430,2929,0.9980,1
4096,0.105,430,2930,0.9985,1
4096,0.105,430,2931,0.9985,1
4096,0.105,430,2932,0.9966,1
4096,0.105,430,2933,0.9976,1
4096,0.105,430,2934,0.9976,1
4096,0.105,430,2935,0.9946,1
4096,0.105,430,2936,0.9976,1
4096,0.105,430,2937,0.9976,1
4096,0.110,451,2918,0.9990,1
4096,0.110,451,2919,0.9941,1
4096,0.110,451,2920,0.9961,1
4096,0.110,451,2921,0.9971,1
4096,0.110,451,2922,0.9971,1
4096,0.110,451,2923,1.0000,1
4096,0.110,451,2924,0.9990,1
4096,0.110,451,2925,0.9976,1
4096,0.110,451,2926,0.9946,1
4096,0.110,451,2927,0.9961,1
4096,0.110,451,2928,0.9956,1
4096,0.110,451,2929,0.9937,1
4096,0.110,451,2930,0.9985,1
4096,0.110,451,2931,0.9976,1
4096,0.110,451,2932,0.9946,1
4096,0.110,451,2933,0.9966,1
4096,0.110,451,2934,0.9941,1
4096,0.110,451,2935,0.9956,1
4096,0.110,451,2936,0.9961,1
4096,0.110,451,2937,0.9966,1
4096,0.115,471,2918,0.9980,1
4096,0.115,471,2919,0.9941,1
4096,0.115,471,2920,0.9956,1
4096,0.115,471,2921,0.9961,1
4096,0.115,471,2922,0.9971,1
4096,0.115,471,2923,1.0000,1
4096,0.115,471,2924,0.9976,1
4096,0.115,471,2925,0.9951,1
4096,0.115,471,2926,0.9902,1
4096,0.115,471,2927,0.9951,1
4096,0.115,471,2928,0.9927,1
4096,0.115,471,2929,0.9893,1
4096,0.115,471,2930,0.9976,1
4096,0.115,471,2931,0.9961,1
4096,0.115,471,2932,0.9912,1
4096,0.115,471,2933,0.9956,1
4096,0.115,471,2934,0.9956,1
4096,0.115,471,2935,0.9917,1
4096,0.115,471,2936,0.9932,1
4096,0.115,471,2937,0.9927,1
4096,0.120,492,2918,0.9971,1
4096,0.120,492,2919,0.9907,1
4096,0.120,492,2920,0.9902,1
4096,0.120,492,2921,0.9932,1
4096,0.120,492,2922,0.9946,1
4096,0.120,492,2923,0.9995,1
4096,0.120,492,2924,0.9966,1
