dataset,k,seed,image_idx,c_ab,overlap,success
mnist,2,200,0,0.7041,1.0000,1
mnist,2,200,1,0.7041,1.0000,1
random,2,200,0,0.0306,1.0000,1
random,2,200,1,0.0306,1.0000,1
mnist,2,201,0,0.7041,1.0000,1
mnist,2,201,1,0.7041,1.0000,1
random,2,201,0,-0.0026,1.0000,1
random,2,201,1,-0.0026,1.0000,1
mnist,2,202,0,0.7041,1.0000,1
mnist,2,202,1,0.7041,1.0000,1
random,2,202,0,0.0230,1.0000,1
random,2,202,1,0.0230,1.0000,1
mnist,2,203,0,0.7041,1.0000,1
mnist,2,203,1,0.7041,1.0000,1
random,2,203,0,-0.0128,1.0000,1
random,2,203,1,-0.0128,1.0000,1
mnist,2,204,0,0.7041,1.0000,1
mnist,2,204,1,0.7041,1.0000,1
random,2,204,0,0.0485,1.0000,1
random,2,204,1,0.0485,1.0000,1
mnist,2,205,0,0.7041,1.0000,1
mnist,2,205,1,0.7041,1.0000,1
random,2,205,0,-0.0153,1.0000,1
random,2,205,1,-0.0153,1.0000,1
mnist,2,206,0,0.7041,1.0000,1
mnist,2,206,1,0.7041,1.0000,1
random,2,206,0,-0.0102,1.0000,1
random,2,206,1,-0.0102,1.0000,1
mnist,2,207,0,0.7041,1.0000,1
mnist,2,207,1,0.7041,1.0000,1
random,2,207,0,-0.0587,1.0000,1
random,2,207,1,-0.0587,1.0000,1
mnist,2,208,0,0.7041,1.0000,1
mnist,2,208,1,0.7041,1.0000,1
random,2,208,0,-0.0561,1.0000,1
random,2,208,1,-0.0561,1.0000,1
mnist,2,209,0,0.7041,1.0000,1
mnist,2,209,1,0.7041,1.0000,1
random,2,209,0,0.0663,1.0000,1
random,2,209,1,0.0663,1.0000,1
mnist,5,500,0,0.6480,0.8954,0
mnist,5,500,1,0.6480,0.8827,0
mnist,5,500,2,0.6480,0.8827,0
mnist,5,500,3,0.6480,0.9005,0
mnist,5,500,4,0.6480,0.8801,0
random,5,500,0,-0.0051,1.0000,1
random,5,500,1,-0.0051,1.0000,1
random,5,500,2,-0.0051,1.0000,1
random,5,500,3,-0.0051,1.0000,1
random,5,500,4,-0.0051,1.0000,1
mnist,5,501,0,0.6480,0.8954,0
mnist,5,501,1,0.6480,0.8827,0
mnist,5,501,2,0.6480,0.8827,0
mnist,5,501,3,0.6480,0.9005,0
mnist,5,501,4,0.6480,0.8801,0
random,5,501,0,0.0077,1.0000,1
random,5,501,1,0.0077,1.0000,1
random,5,501,2,0.0077,1.0000,1
random,5,501,3,0.0077,1.0000,1
random,5,501,4,0.0077,1.0000,1
mnist,5,502,0,0.6480,0.8954,0
mnist,5,502,1,0.6480,0.8827,0
mnist,5,502,2,0.6480,0.8827,0
mnist,5,502,3,0.6480,0.9005,0
mnist,5,502,4,0.6480,0.8801,0
random,5,502,0,-0.0097,1.0000,1
random,5,502,1,-0.0097,1.0000,1
random,5,502,2,-0.0097,1.0000,1
random,5,502,3,-0.0097,1.0000,1
random,5,502,4,-0.0097,1.0000,1
mnist,5,503,0,0.6480,0.8954,0
mnist,5,503,1,0.6480,0.8827,0
mnist,5,503,2,0.6480,0.8827,0
mnist,5,503,3,0.6480,0.9005,0
mnist,5,503,4,0.6480,0.8801,0
random,5,503,0,-0.0031,1.0000,1
random,5,503,1,-0.0031,1.0000,1
random,5,503,2,-0.0031,1.0000,1
random,5,503,3,-0.0031,1.0000,1
random,5,503,4,-0.0031,1.0000,1
mnist,5,504,0,0.6480,0.8954,0
mnist,5,504,1,0.6480,0.8827,0
mnist,5,504,2,0.6480,0.8827,0
mnist,5,504,3,0.6480,0.9005,0
mnist,5,504,4,0.6480,0.8801,0
random,5,504,0,0.0107,1.0000,1
random,5,504,1,0.0107,1.0000,1
random,5,504,2,0.0107,1.0000,1
random,5,504,3,0.0107,1.0000,1
random,5,504,4,0.0107,1.0000,1
mnist,5,505,0,0.6480,0.8954,0
mnist,5,505,1,0.6480,0.8827,0
mnist,5,505,2,0.6480,0.8827,0
mnist,5,505,3,0.6480,0.9005,0
mnist,5,505,4,0.6480,0.8801,0
random,5,505,0,-0.0061,1.0000,1
random,5,505,1,-0.0061,1.0000,1
random,5,505,2,-0.0061,1.0000,1
random,5,505,3,-0.0061,1.0000,1
random,5,505,4,-0.0061,1.0000,1
mnist,5,506,0,0.6480,0.8954,0
mnist,5,506,1,0.6480,0.8827,0
mnist,5,506,2,0.6480,0.8827,0
mnist,5,506,3,0.6480,0.9005,0
mnist,5,506,4,0.6480,0.8801,0
random,5,506,0,-0.0026,1.0000,1
random,5,506,1,-0.0026,1.0000,1
random,5,506,2,-0.0026,1.0000,1
random,5,506,3,-0.0026,1.0000,1
random,5,506,4,-0.0026,1.0000,1
mnist,5,507,0,0.6480,0.8954,0
mnist,5,507,1,0.6480,0.8827,0
mnist,5,507,2,0.6480,0.8827,0
mnist,5,507,3,0.6480,0.9005,0
mnist,5,507,4,0.6480,0.8801,0
random,5,507,0,-0.0133,1.0000,1
random,5,507,1,-0.0133,1.0000,1
random,5,507,2,-0.0133,1.0000,1
random,5,507,3,-0.0133,1.0000,1
random,5,507,4,-0.0133,1.0000,1
mnist,5,508,0,0.6480,0.8954,0
mnist,5,508,1,0.6480,0.8827,0
mnist,5,508,2,0.6480,0.8827,0
mnist,5,508,3,0.6480,0.9005,0
mnist,5,508,4,0.6480,0.8801,0
random,5,508,0,0.0102,1.0000,1
random,5,508,1,0.0102,1.0000,1
random,5,508,2,0.0102,1.0000,1
random,5,508,3,0.0102,1.0000,1
random,5,508,4,0.0102,1.0000,1
mnist,5,509,0,0.6480,0.8954,0
mnist,5,509,1,0.6480,0.8827,0
mnist,5,509,2,0.6480,0.8827,0
mnist,5,509,3,0.6480,0.9005,0
mnist,5,509,4,0.6480,0.8801,0
random,5,509,0,-0.0199,1.0000,1
random,5,509,1,-0.0199,1.0000,1
random,5,509,2,-0.0199,1.0000,1
random,5,509,3,-0.0199,1.0000,1
random,5,509,4,-0.0199,1.0000,1
mnist,10,1000,0,0.6820,0.8597,0
mnist,10,1000,1,0.6820,0.8189,0
mnist,10,1000,2,0.6820,0.8699,0
mnist,10,1000,3,0.6820,0.8954,0
mnist,10,1000,4,0.6820,0.9439,0
mnist,10,1000,5,0.6820,0.8597,0
mnist,10,1000,6,0.6820,0.9464,0
mnist,10,1000,7,0.6820,0.8750,0
mnist,10,1000,8,0.6820,0.9745,1
mnist,10,1000,9,0.6820,0.9056,0
random,10,1000,0,0.0058,1.0000,1
random,10,1000,1,0.0058,1.0000,1
random,10,1000,2,0.0058,1.0000,1
random,10,1000,3,0.0058,1.0000,1
random,10,1000,4,0.0058,1.0000,1
random,10,1000,5,0.0058,1.0000,1
random,10,1000,6,0.0058,1.0000,1
random,10,1000,7,0.0058,1.0000,1
random,10,1000,8,0.0058,1.0000,1
random,10,1000,9,0.0058,1.0000,1
mnist,10,1001,0,0.6820,0.8597,0
mnist,10,1001,1,0.6820,0.8189,0
mnist,10,1001,2,0.6820,0.8699,0
mnist,10,1001,3,0.6820,0.8954,0
mnist,10,1001,4,0.6820,0.9439,0
mnist,10,1001,5,0.6820,0.8597,0
mnist,10,1001,6,0.6820,0.9464,0
mnist,10,1001,7,0.6820,0.8852,0
mnist,10,1001,8,0.6820,0.9745,1
mnist,10,1001,9,0.6820,0.9056,0
random,10,1001,0,-0.0011,1.0000,1
random,10,1001,1,-0.0011,1.0000,1
random,10,1001,2,-0.0011,1.0000,1
random,10,1001,3,-0.0011,1.0000,1
random,10,1001,4,-0.0011,1.0000,1
random,10,1001,5,-0.0011,1.0000,1
random,10,1001,6,-0.0011,1.0000,1
random,10,1001,7,-0.0011,1.0000,1
random,10,1001,8,-0.0011,1.0000,1
random,10,1001,9,-0.0011,1.0000,1
mnist,10,1002,0,0.6820,0.8597,0
mnist,10,1002,1,0.6820,0.8189,0
mnist,10,1002,2,0.6820,0.8699,0
mnist,10,1002,3,0.6820,0.8954,0
mnist,10,1002,4,0.6820,0.9439,0
mnist,10,1002,5,0.6820,0.8597,0
mnist,10,1002,6,0.6820,0.9464,0
mnist,10,1002,7,0.6820,0.8852,0
mnist,10,1002,8,0.6820,0.9745,1
mnist,10,1002,9,0.6820,0.9056,0
random,10,1002,0,0.0018,1.0000,1
random,10,1002,1,0.0018,1.0000,1
random,10,1002,2,0.0018,1.0000,1
random,10,1002,3,0.0018,1.0000,1
random,10,1002,4,0.0018,1.0000,1
random,10,1002,5,0.0018,1.0000,1
random,10,1002,6,0.0018,1.0000,1
random,10,1002,7,0.0018,1.0000,1
random,10,1002,8,0.0018,1.0000,1
random,10,1002,9,0.0018,1.0000,1
mnist,10,1003,0,0.6820,0.8597,0
mnist,10,1003,1,0.6820,0.8189,0
mnist,10,1003,2,0.6820,0.8699,0
mnist,10,1003,3,0.6820,0.8954,0
mnist,10,1003,4,0.6820,0.9439,0
mnist,10,1003,5,0.6820,0.8597,0
mnist,10,1003,6,0.6820,0.9464,0
mnist,10,1003,7,0.6820,0.8852,0
mnist,10,1003,8,0.6820,0.9745,1
mnist,10,1003,9,0.6820,0.9056,0
random,10,1003,0,0.0036,1.0000,1
random,10,1003,1,0.0036,1.0000,1
random,10,1003,2,0.0036,1.0000,1
random,10,1003,3,0.0036,1.0000,1
random,10,1003,4,0.0036,1.0000,1
random,10,1003,5,0.0036,1.0000,1
random,10,1003,6,0.0036,1.0000,1
random,10,1003,7,0.0036,1.0000,1
random,10,1003,8,0.0036,1.0000,1
random,10,1003,9,0.0036,1.0000,1
mnist,10,1004,0,0.6820,0.8597,0
mnist,10,1004,1,0.6820,0.8189,0
mnist,10,1004,2,0.6820,0.8699,0
mnist,10,1004,3,0.6820,0.8954,0
mnist,10,1004,4,0.6820,0.9439,0
mnist,10,1004,5,0.6820,0.8597,0
mnist,10,1004,6,0.6820,0.9464,0
mnist,10,1004,7,0.6820,0.8852,0
mnist,10,1004,8,0.6820,0.9745,1
mnist,10,1004,9,0.6820,0.9056,0
random,10,1004,0,-0.0027,1.0000,1
random,10,1004,1,-0.0027,1.0000,1
random,10,1004,2,-0.0027,1.0000,1
random,10,1004,3,-0.0027,1.0000,1
random,10,1004,4,-0.0027,1.0000,1
random,10,1004,5,-0.0027,1.0000,1
random,10,1004,6,-0.0027,1.0000,1
random,10,1004,7,-0.0027,1.0000,1
random,10,1004,8,-0.0027,1.0000,1
random,10,1004,9,-0.0027,1.0000,1
mnist,10,1005,0,0.6820,0.8597,0
mnist,10,1005,1,0.6820,0.8189,0
mnist,10,1005,2,0.6820,0.8699,0
mnist,10,1005,3,0.6820,0.8954,0
mnist,10,1005,4,0.6820,0.9439,0
mnist,10,1005,5,0.6820,0.8597,0
mnist,10,1005,6,0.6820,0.9464,0
mnist,10,1005,7,0.6820,0.8852,0
mnist,10,1005,8,0.6820,0.9745,1
mnist,10,1005,9,0.6820,0.9056,0
random,10,1005,0,-0.0026,1.0000,1
random,10,1005,1,-0.0026,1.0000,1
random,10,1005,2,-0.0026,1.0000,1
random,10,1005,3,-0.0026,1.0000,1
random,10,1005,4,-0.0026,1.0000,1
random,10,1005,5,-0.0026,1.0000,1
random,10,1005,6,-0.0026,1.0000,1
random,10,1005,7,-0.0026,1.0000,1
random,10,1005,8,-0.0026,1.0000,1
random,10,1005,9,-0.0026,1.0000,1
mnist,10,1006,0,0.6820,0.8597,0
mnist,10,1006,1,0.6820,0.8189,0
mnist,10,1006,2,0.6820,0.8699,0
mnist,10,1006,3,0.6820,0.8954,0
mnist,10,1006,4,0.6820,0.9439,0
mnist,10,1006,5,0.6820,0.8597,0
mnist,10,1006,6,0.6820,0.9464,0
mnist,10,1006,7,0.6820,0.8852,0
mnist,10,1006,8,0.6820,0.9745,1
mnist,10,1006,9,0.6820,0.9056,0
random,10,1006,0,-0.0002,1.0000,1
random,10,1006,1,-0.0002,1.0000,1
random,10,1006,2,-0.0002,1.0000,1
random,10,1006,3,-0.0002,1.0000,1
random,10,1006,4,-0.0002,1.0000,1
random,10,1006,5,-0.0002,1.0000,1
random,10,1006,6,-0.0002,1.0000,1
random,10,1006,7,-0.0002,1.0000,1
random,10,1006,8,-0.0002,1.0000,1
random,10,1006,9,-0.0002,1.0000,1
mnist,10,1007,0,0.6820,0.8597,0
mnist,10,1007,1,0.6820,0.8189,0
mnist,10,1007,2,0.6820,0.8699,0
mnist,10,1007,3,0.6820,0.8954,0
mnist,10,1007,4,0.6820,0.9439,0
mnist,10,1007,5,0.6820,0.8597,0
mnist,10,1007,6,0.6820,0.9464,0
mnist,10,1007,7,0.6820,0.8852,0
mnist,10,1007,8,0.6820,0.9745,1
mnist,10,1007,9,0.6820,0.9056,0
random,10,1007,0,-0.0061,1.0000,1
random,10,1007,1,-0.0061,1.0000,1
random,10,1007,2,-0.0061,1.0000,1
random,10,1007,3,-0.0061,1.0000,1
random,10,1007,4,-0.0061,1.0000,1
random,10,1007,5,-0.0061,1.0000,1
random,10,1007,6,-0.0061,1.0000,1
random,10,1007,7,-0.0061,1.0000,1
random,10,1007,8,-0.0061,1.0000,1
random,10,1007,9,-0.0061,1.0000,1
mnist,10,1008,0,0.6820,0.8597,0
mnist,10,1008,1,0.6820,0.8189,0
mnist,10,1008,2,0.6820,0.8699,0
mnist,10,1008,3,0.6820,0.8954,0
mnist,10,1008,4,0.6820,0.9439,0
mnist,10,1008,5,0.6820,0.8597,0
mnist,10,1008,6,0.6820,0.9464,0
mnist,10,1008,7,0.6820,0.8852,0
mnist,10,1008,8,0.6820,0.9745,1
mnist,10,1008,9,0.6820,0.9056,0
random,10,1008,0,0.0015,1.0000,1
random,10,1008,1,0.0015,1.0000,1
random,10,1008,2,0.0015,1.0000,1
random,10,1008,3,0.0015,1.0000,1
random,10,1008,4,0.0015,1.0000,1
random,10,1008,5,0.0015,1.0000,1
random,10,1008,6,0.0015,1.0000,1
random,10,1008,7,0.0015,1.0000,1
random,10,1008,8,0.0015,1.0000,1
random,10,1008,9,0.0015,1.0000,1
mnist,10,1009,0,0.6820,0.8597,0
mnist,10,1009,1,0.6820,0.8189,0
mnist,10,1009,2,0.6820,0.8699,0
mnist,10,1009,3,0.6820,0.8954,0
mnist,10,1009,4,0.6820,0.9439,0
mnist,10,1009,5,0.6820,0.8597,0
mnist,10,1009,6,0.6820,0.9464,0
mnist,10,1009,7,0.6820,0.8852,0
mnist,10,1009,8,0.6820,0.9745,1
mnist,10,1009,9,0.6820,0.9056,0
random,10,1009,0,0.0021,1.0000,1
random,10,1009,1,0.0021,1.0000,1
random,10,1009,2,0.0021,1.0000,1
random,10,1009,3,0.0021,1.0000,1
random,10,1009,4,0.0021,1.0000,1
random,10,1009,5,0.0021,1.0000,1
random,10,1009,6,0.0021,1.0000,1
random,10,1009,7,0.0021,1.0000,1
random,10,1009,8,0.0021,1.0000,1
random,10,1009,9,0.0021,1.0000,1
mnist,20,2000,0,0.6885,0.8673,0
mnist,20,2000,1,0.6885,0.8291,0
mnist,20,2000,2,0.6885,0.8622,0
mnist,20,2000,3,0.6885,0.9056,0
mnist,20,2000,4,0.6885,0.9107,0
mnist,20,2000,5,0.6885,0.8316,0
mnist,20,2000,6,0.6885,0.9260,0
mnist,20,2000,7,0.6885,0.8418,0
mnist,20,2000,8,0.6885,0.9566,1
mnist,20,2000,9,0.6885,0.8980,0
mnist,20,2000,10,0.6885,0.8776,0
mnist,20,2000,11,0.6885,0.9056,0
mnist,20,2000,12,0.6885,0.7908,0
mnist,20,2000,13,0.6885,0.8648,0
mnist,20,2000,14,0.6885,0.9515,1
mnist,20,2000,15,0.6885,0.9158,0
mnist,20,2000,16,0.6885,0.8367,0
mnist,20,2000,17,0.6885,0.9133,0
mnist,20,2000,18,0.6885,0.9056,0
mnist,20,2000,19,0.6885,0.9490,0
random,20,2000,0,0.0024,1.0000,1
random,20,2000,1,0.0024,1.0000,1
random,20,2000,2,0.0024,1.0000,1
random,20,2000,3,0.0024,1.0000,1
random,20,2000,4,0.0024,1.0000,1
random,20,2000,5,0.0024,1.0000,1
random,20,2000,6,0.0024,1.0000,1
random,20,2000,7,0.0024,1.0000,1
random,20,2000,8,0.0024,1.0000,1
random,20,2000,9,0.0024,1.0000,1
random,20,2000,10,0.0024,1.0000,1
random,20,2000,11,0.0024,1.0000,1
random,20,2000,12,0.0024,1.0000,1
random,20,2000,13,0.0024,1.0000,1
random,20,2000,14,0.0024,1.0000,1
random,20,2000,15,0.0024,1.0000,1
random,20,2000,16,0.0024,1.0000,1
random,20,2000,17,0.0024,1.0000,1
random,20,2000,18,0.0024,1.0000,1
random,20,2000,19,0.0024,1.0000,1
mnist,20,2001,0,0.6885,0.8673,0
mnist,20,2001,1,0.6885,0.8291,0
mnist,20,2001,2,0.6885,0.8622,0
mnist,20,2001,3,0.6885,0.9056,0
mnist,20,2001,4,0.6885,0.9107,0
mnist,20,2001,5,0.6885,0.8316,0
mnist,20,2001,6,0.6885,0.9260,0
mnist,20,2001,7,0.6885,0.8418,0
mnist,20,2001,8,0.6885,0.9566,1
mnist,20,2001,9,0.6885,0.8980,0
mnist,20,2001,10,0.6885,0.8776,0
mnist,20,2001,11,0.6885,0.9056,0
mnist,20,2001,12,0.6885,0.7908,0
mnist,20,2001,13,0.6885,0.8648,0
mnist,20,2001,14,0.6885,0.9515,1
mnist,20,2001,15,0.6885,0.9158,0
mnist,20,2001,16,0.6885,0.8367,0
mnist,20,2001,17,0.6885,0.9133,0
mnist,20,2001,18,0.6885,0.9056,0
mnist,20,2001,19,0.6885,0.9490,0
random,20,2001,0,-0.0011,1.0000,1
random,20,2001,1,-0.0011,1.0000,1
random,20,2001,2,-0.0011,1.0000,1
random,20,2001,3,-0.0011,1.0000,1
random,20,2001,4,-0.0011,1.0000,1
random,20,2001,5,-0.0011,1.0000,1
random,20,2001,6,-0.0011,1.0000,1
random,20,2001,7,-0.0011,1.0000,1
random,20,2001,8,-0.0011,1.0000,1
random,20,2001,9,-0.0011,1.0000,1
random,20,2001,10,-0.0011,1.0000,1
random,20,2001,11,-0.0011,1.0000,1
random,20,2001,12,-0.0011,1.0000,1
random,20,2001,13,-0.0011,1.0000,1
random,20,2001,14,-0.0011,1.0000,1
random,20,2001,15,-0.0011,1.0000,1
random,20,2001,16,-0.0011,1.0000,1
random,20,2001,17,-0.0011,1.0000,1
random,20,2001,18,-0.0011,1.0000,1
random,20,2001,19,-0.0011,1.0000,1
mnist,20,2002,0,0.6885,0.8673,0
mnist,20,2002,1,0.6885,0.8291,0
mnist,20,2002,2,0.6885,0.8622,0
mnist,20,2002,3,0.6885,0.9056,0
mnist,20,2002,4,0.6885,0.9107,0
mnist,20,2002,5,0.6885,0.8316,0
mnist,20,2002,6,0.6885,0.9260,0
mnist,20,2002,7,0.6885,0.8418,0
mnist,20,2002,8,0.6885,0.9566,1
mnist,20,2002,9,0.6885,0.8980,0
mnist,20,2002,10,0.6885,0.8776,0
mnist,20,2002,11,0.6885,0.9056,0
mnist,20,2002,12,0.6885,0.7908,0
mnist,20,2002,13,0.6885,0.8648,0
mnist,20,2002,14,0.6885,0.9515,1
mnist,20,2002,15,0.6885,0.9158,0
mnist,20,2002,16,0.6885,0.8367,0
mnist,20,2002,17,0.6885,0.9133,0
mnist,20,2002,18,0.6885,0.9056,0
mnist,20,2002,19,0.6885,0.9490,0
random,20,2002,0,0.0003,1.0000,1
random,20,2002,1,0.0003,1.0000,1
random,20,2002,2,0.0003,1.0000,1
random,20,2002,3,0.0003,1.0000,1
random,20,2002,4,0.0003,1.0000,1
random,20,2002,5,0.0003,1.0000,1
random,20,2002,6,0.0003,1.0000,1
random,20,2002,7,0.0003,1.0000,1
random,20,2002,8,0.0003,1.0000,1
random,20,2002,9,0.0003,1.0000,1
random,20,2002,10,0.0003,1.0000,1
random,20,2002,11,0.0003,1.0000,1
random,20,2002,12,0.0003,1.0000,1
random,20,2002,13,0.0003,1.0000,1
random,20,2002,14,0.0003,1.0000,1
random,20,2002,15,0.0003,1.0000,1
random,20,2002,16,0.0003,1.0000,1
random,20,2002,17,0.0003,1.0000,1
random,20,2002,18,0.0003,1.0000,1
random,20,2002,19,0.0003,1.0000,1
mnist,20,2003,0,0.6885,0.8673,0
mnist,20,2003,1,0.6885,0.8291,0
mnist,20,2003,2,0.6885,0.8622,0
mnist,20,2003,3,0.6885,0.9056,0
mnist,20,2003,4,0.6885,0.9107,0
mnist,20,2003,5,0.6885,0.8316,0
mnist,20,2003,6,0.6885,0.9260,0
mnist,20,2003,7,0.6885,0.8418,0
mnist,20,2003,8,0.6885,0.9566,1
mnist,20,2003,9,0.6885,0.8980,0
mnist,20,2003,10,0.6885,0.8776,0
mnist,20,2003,11,0.6885,0.9056,0
mnist,20,2003,12,0.6885,0.7908,0
mnist,20,2003,13,0.6885,0.8648,0
mnist,20,2003,14,0.6885,0.9515,1
mnist,20,2003,15,0.6885,0.9158,0
mnist,20,2003,16,0.6885,0.8367,0
mnist,20,2003,17,0.6885,0.9133,0
mnist,20,2003,18,0.6885,0.9056,0
mnist,20,2003,19,0.6885,0.9490,0
random,20,2003,0,-0.0050,1.0000,1
random,20,2003,1,-0.0050,1.0000,1
random,20,2003,2,-0.0050,1.0000,1
random,20,2003,3,-0.0050,1.0000,1
random,20,2003,4,-0.0050,1.0000,1
random,20,2003,5,-0.0050,1.0000,1
random,20,2003,6,-0.0050,1.0000,1
random,20,2003,7,-0.0050,1.0000,1
random,20,2003,8,-0.0050,1.0000,1
random,20,2003,9,-0.0050,1.0000,1
random,20,2003,10,-0.0050,1.0000,1
random,20,2003,11,-0.0050,1.0000,1
random,20,2003,12,-0.0050,1.0000,1
random,20,2003,13,-0.0050,1.0000,1
random,20,2003,14,-0.0050,1.0000,1
random,20,2003,15,-0.0050,1.0000,1
random,20,2003,16,-0.0050,1.0000,1
random,20,2003,17,-0.0050,1.0000,1
random,20,2003,18,-0.0050,1.0000,1
random,20,2003,19,-0.0050,1.0000,1
mnist,20,2004,0,0.6885,0.8673,0
mnist,20,2004,1,0.6885,0.8291,0
mnist,20,2004,2,0.6885,0.8622,0
mnist,20,2004,3,0.6885,0.9056,0
mnist,20,2004,4,0.6885,0.9107,0
mnist,20,2004,5,0.6885,0.8316,0
mnist,20,2004,6,0.6885,0.9260,0
mnist,20,2004,7,0.6885,0.8418,0
mnist,20,2004,8,0.6885,0.9566,1
mnist,20,2004,9,0.6885,0.8980,0
mnist,20,2004,10,0.6885,0.8776,0
mnist,20,2004,11,0.6885,0.9056,0
mnist,20,2004,12,0.6885,0.7908,0
mnist,20,2004,13,0.6885,0.8648,0
mnist,20,2004,14,0.6885,0.9515,1
mnist,20,2004,15,0.6885,0.9158,0
mnist,20,2004,16,0.6885,0.8367,0
mnist,20,2004,17,0.6885,0.9133,0
mnist,20,2004,18,0.6885,0.9056,0
mnist,20,2004,19,0.6885,0.9490,0
random,20,2004,0,0.0025,1.0000,1
random,20,2004,1,0.0025,1.0000,1
random,20,2004,2,0.0025,1.0000,1
random,20,2004,3,0.0025,1.0000,1
random,20,2004,4,0.0025,1.0000,1
random,20,2004,5,0.0025,1.0000,1
random,20,2004,6,0.0025,1.0000,1
random,20,2004,7,0.0025,1.0000,1
random,20,2004,8,0.0025,1.0000,1
random,20,2004,9,0.0025,1.0000,1
random,20,2004,10,0.0025,1.0000,1
random,20,2004,11,0.0025,1.0000,1
random,20,2004,12,0.0025,1.0000,1
random,20,2004,13,0.0025,1.0000,1
random,20,2004,14,0.0025,1.0000,1
random,20,2004,15,0.0025,1.0000,1
random,20,2004,16,0.0025,1.0000,1
random,20,2004,17,0.0025,1.0000,1
random,20,2004,18,0.0025,1.0000,1
random,20,2004,19,0.0025,1.0000,1
mnist,20,2005,0,0.6885,0.8673,0
mnist,20,2005,1,0.6885,0.8291,0
mnist,20,2005,2,0.6885,0.8622,0
mnist,20,2005,3,0.6885,0.9056,0
mnist,20,2005,4,0.6885,0.9107,0
mnist,20,2005,5,0.6885,0.8316,0
mnist,20,2005,6,0.6885,0.9260,0
mnist,20,2005,7,0.6885,0.8418,0
mnist,20,2005,8,0.6885,0.9566,1
mnist,20,2005,9,0.6885,0.8980,0
mnist,20,2005,10,0.6885,0.8776,0
mnist,20,2005,11,0.6885,0.9056,0
mnist,20,2005,12,0.6885,0.7908,0
mnist,20,2005,13,0.6885,0.8648,0
mnist,20,2005,14,0.6885,0.9515,1
mnist,20,2005,15,0.6885,0.9158,0
mnist,20,2005,16,0.6885,0.8367,0
mnist,20,2005,17,0.6885,0.9133,0
mnist,20,2005,18,0.6885,0.9056,0
mnist,20,2005,19,0.6885,0.9490,0
random,20,2005,0,-0.0033,1.0000,1
random,20,2005,1,-0.0033,1.0000,1
random,20,2005,2,-0.0033,1.0000,1
random,20,2005,3,-0.0033,1.0000,1
random,20,2005,4,-0.0033,1.0000,1
random,20,2005,5,-0.0033,1.0000,1
random,20,2005,6,-0.0033,1.0000,1
random,20,2005,7,-0.0033,1.0000,1
random,20,2005,8,-0.0033,1.0000,1
random,20,2005,9,-0.0033,1.0000,1
random,20,2005,10,-0.0033,1.0000,1
random,20,2005,11,-0.0033,1.0000,1
random,20,2005,12,-0.0033,1.0000,1
random,20,2005,13,-0.0033,1.0000,1
random,20,2005,14,-0.0033,1.0000,1
random,20,2005,15,-0.0033,1.0000,1
random,20,2005,16,-0.0033,1.0000,1
random,20,2005,17,-0.0033,1.0000,1
random,20,2005,18,-0.0033,1.0000,1
random,20,2005,19,-0.0033,1.0000,1
mnist,20,2006,0,0.6885,0.8673,0
mnist,20,2006,1,0.6885,0.8291,0
mnist,20,2006,2,0.6885,0.8622,0
mnist,20,2006,3,0.6885,0.9056,0
mnist,20,2006,4,0.6885,0.9107,0
mnist,20,2006,5,0.6885,0.8316,0
mnist,20,2006,6,0.6885,0.9260,0
mnist,20,2006,7,0.6885,0.8418,0
mnist,20,2006,8,0.6885,0.9566,1
mnist,20,2006,9,0.6885,0.8980,0
mnist,20,2006,10,0.6885,0.8776,0
mnist,20,2006,11,0.6885,0.9056,0
mnist,20,2006,12,0.6885,0.7908,0
mnist,20,2006,13,0.6885,0.8648,0
mnist,20,2006,14,0.6885,0.9515,1
mnist,20,2006,15,0.6885,0.9158,0
mnist,20,2006,16,0.6885,0.8367,0
mnist,20,2006,17,0.6885,0.9133,0
mnist,20,2006,18,0.6885,0.9056,0
mnist,20,2006,19,0.6885,0.9490,0
random,20,2006,0,0.0006,1.0000,1
random,20,2006,1,0.0006,1.0000,1
random,20,2006,2,0.0006,1.0000,1
random,20,2006,3,0.0006,1.0000,1
random,20,2006,4,0.0006,1.0000,1
random,20,2006,5,0.0006,1.0000,1
random,20,2006,6,0.0006,1.0000,1
random,20,2006,7,0.0006,1.0000,1
random,20,2006,8,0.0006,1.0000,1
random,20,2006,9,0.0006,1.0000,1
random,20,2006,10,0.0006,1.0000,1
random,20,2006,11,0.0006,1.0000,1
random,20,2006,12,0.0006,1.0000,1
random,20,2006,13,0.0006,1.0000,1
random,20,2006,14,0.0006,1.0000,1
random,20,2006,15,0.0006,1.0000,1
random,20,2006,16,0.0006,1.0000,1
random,20,2006,17,0.0006,1.0000,1
random,20,2006,18,0.0006,1.0000,1
random,20,2006,19,0.0006,1.0000,1
mnist,20,2007,0,0.6885,0.8673,0
mnist,20,2007,1,0.6885,0.8291,0
mnist,20,2007,2,0.6885,0.8622,0
mnist,20,2007,3,0.6885,0.9056,0
mnist,20,2007,4,0.6885,0.9107,0
mnist,20,2007,5,0.6885,0.8316,0
mnist,20,2007,6,0.6885,0.9260,0
mnist,20,2007,7,0.6885,0.8418,0
mnist,20,2007,8,0.6885,0.9566,1
mnist,20,2007,9,0.6885,0.8980,0
mnist,20,2007,10,0.6885,0.8776,0
mnist,20,2007,11,0.6885,0.9056,0
mnist,20,2007,12,0.6885,0.7908,0
mnist,20,2007,13,0.6885,0.8648,0
mnist,20,2007,14,0.6885,0.9515,1
mnist,20,2007,15,0.6885,0.9158,0
mnist,20,2007,16,0.6885,0.8367,0
mnist,20,2007,17,0.6885,0.9133,0
mnist,20,2007,18,0.6885,0.9056,0
mnist,20,2007,19,0.6885,0.9490,0
random,20,2007,0,0.0052,1.0000,1
random,20,2007,1,0.0052,1.0000,1
random,20,2007,2,0.0052,1.0000,1
random,20,2007,3,0.0052,1.0000,1
random,20,2007,4,0.0052,1.0000,1
random,20,2007,5,0.0052,1.0000,1
random,20,2007,6,0.0052,1.0000,1
random,20,2007,7,0.0052,1.0000,1
random,20,2007,8,0.0052,1.0000,1
random,20,2007,9,0.0052,1.0000,1
random,20,2007,10,0.0052,1.0000,1
random,20,2007,11,0.0052,1.0000,1
random,20,2007,12,0.0052,1.0000,1
random,20,2007,13,0.0052,1.0000,1
random,20,2007,14,0.0052,1.0000,1
random,20,2007,15,0.0052,1.0000,1
random,20,2007,16,0.0052,1.0000,1
random,20,2007,17,0.0052,1.0000,1
random,20,2007,18,0.0052,1.0000,1
random,20,2007,19,0.0052,1.0000,1
mnist,20,2008,0,0.6885,0.8673,0
mnist,20,2008,1,0.6885,0.8291,0
mnist,20,2008,2,0.6885,0.8622,0
mnist,20,2008,3,0.6885,0.9056,0
mnist,20,2008,4,0.6885,0.9107,0
mnist,20,2008,5,0.6885,0.8316,0
mnist,20,2008,6,0.6885,0.9260,0
mnist,20,2008,7,0.6885,0.8418,0
mnist,20,2008,8,0.6885,0.9566,1
mnist,20,2008,9,0.6885,0.8980,0
mnist,20,2008,10,0.6885,0.8776,0
mnist,20,2008,11,0.6885,0.9056,0
mnist,20,2008,12,0.6885,0.7908,0
mnist,20,2008,13,0.6885,0.8648,0
mnist,20,2008,14,0.6885,0.9515,1
mnist,20,2008,15,0.6885,0.9158,0
mnist,20,2008,16,0.6885,0.8367,0
mnist,20,2008,17,0.6885,0.9133,0
mnist,20,2008,18,0.6885,0.9056,0
mnist,20,2008,19,0.6885,0.9490,0
random,20,2008,0,-0.0029,1.0000,1
random,20,2008,1,-0.0029,1.0000,1
random,20,2008,2,-0.0029,1.0000,1
random,20,2008,3,-0.0029,1.0000,1
random,20,2008,4,-0.0029,1.0000,1
random,20,2008,5,-0.0029,1.0000,1
random,20,2008,6,-0.0029,1.0000,1
random,20,2008,7,-0.0029,1.0000,1
random,20,2008,8,-0.0029,1.0000,1
random,20,2008,9,-0.0029,1.0000,1
random,20,2008,10,-0.0029,1.0000,1
random,20,2008,11,-0.0029,1.0000,1
random,20,2008,12,-0.0029,1.0000,1
random,20,2008,13,-0.0029,1.0000,1
random,20,2008,14,-0.0029,1.0000,1
random,20,2008,15,-0.0029,1.0000,1
random,20,2008,16,-0.0029,1.0000,1
random,20,2008,17,-0.0029,1.0000,1
random,20,2008,18,-0.0029,1.0000,1
random,20,2008,19,-0.0029,1.0000,1
mnist,20,2009,0,0.6885,0.8673,0
mnist,20,2009,1,0.6885,0.8291,0
mnist,20,2009,2,0.6885,0.8622,0
mnist,20,2009,3,0.6885,0.9056,0
mnist,20,2009,4,0.6885,0.9107,0
mnist,20,2009,5,0.6885,0.8316,0
mnist,20,2009,6,0.6885,0.9260,0
mnist,20,2009,7,0.6885,0.8418,0
mnist,20,2009,8,0.6885,0.9566,1
mnist,20,2009,9,0.6885,0.8980,0
mnist,20,2009,10,0.6885,0.8776,0
mnist,20,2009,11,0.6885,0.9056,0
mnist,20,2009,12,0.6885,0.7908,0
mnist,20,2009,13,0.6885,0.8648,0
mnist,20,2009,14,0.6885,0.9515,1
mnist,20,2009,15,0.6885,0.9158,0
mnist,20,2009,16,0.6885,0.8367,0
mnist,20,2009,17,0.6885,0.9133,0
mnist,20,2009,18,0.6885,0.9056,0
mnist,20,2009,19,0.6885,0.9490,0
random,20,2009,0,-0.0014,1.0000,1
random,20,2009,1,-0.0014,1.0000,1
random,20,2009,2,-0.0014,1.0000,1
random,20,2009,3,-0.0014,1.0000,1
random,20,2009,4,-0.0014,1.0000,1
random,20,2009,5,-0.0014,1.0000,1
random,20,2009,6,-0.0014,1.0000,1
random,20,2009,7,-0.0014,1.0000,1
random,20,2009,8,-0.0014,1.0000,1
random,20,2009,9,-0.0014,1.0000,1
random,20,2009,10,-0.0014,1.0000,1
random,20,2009,11,-0.0014,1.0000,1
random,20,2009,12,-0.0014,1.0000,1
random,20,2009,13,-0.0014,1.0000,1
random,20,2009,14,-0.0014,1.0000,1
random,20,2009,15,-0.0014,1.0000,1
random,20,2009,16,-0.0014,1.0000,1
random,20,2009,17,-0.0014,1.0000,1
random,20,2009,18,-0.0014,1.0000,1
random,20,2009,19,-0.0014,1.0000,1
mnist,50,5000,0,0.6838,0.8699,0
mnist,50,5000,1,0.6838,0.8291,0
mnist,50,5000,2,0.6838,0.8571,0
mnist,50,5000,3,0.6838,0.8980,0
mnist,50,5000,4,0.6838,0.9184,0
mnist,50,5000,5,0.6838,0.8418,0
mnist,50,5000,6,0.6838,0.9286,0
mnist,50,5000,7,0.6838,0.8342,0
mnist,50,5000,8,0.6838,0.9617,1
mnist,50,5000,9,0.6838,0.8878,0
mnist,50,5000,10,0.6838,0.8827,0
mnist,50,5000,11,0.6838,0.9005,0
mnist,50,5000,12,0.6838,0.7959,0
mnist,50,5000,13,0.6838,0.8571,0
mnist,50,5000,14,0.6838,0.9413,0
mnist,50,5000,15,0.6838,0.9107,0
mnist,50,5000,16,0.6838,0.8367,0
mnist,50,5000,17,0.6838,0.8903,0
mnist,50,5000,18,0.6838,0.8954,0
mnist,50,5000,19,0.6838,0.9439,0
mnist,50,5000,20,0.6838,0.8138,0
mnist,50,5000,21,0.6838,0.8189,0
mnist,50,5000,22,0.6838,0.9337,0
mnist,50,5000,23,0.6838,0.9082,0
mnist,50,5000,24,0.6838,0.8929,0
mnist,50,5000,25,0.6838,0.7959,0
mnist,50,5000,26,0.6838,0.9311,0
mnist,50,5000,27,0.6838,0.7959,0
mnist,50,5000,28,0.6838,0.8138,0
mnist,50,5000,29,0.6838,0.9286,0
mnist,50,5000,30,0.6838,0.8903,0
mnist,50,5000,31,0.6838,0.8418,0
mnist,50,5000,32,0.6838,0.8954,0
mnist,50,5000,33,0.6838,0.9184,0
mnist,50,5000,34,0.6838,0.8163,0
mnist,50,5000,35,0.6838,0.9209,0
mnist,50,5000,36,0.6838,0.8342,0
mnist,50,5000,37,0.6838,0.8010,0
mnist,50,5000,38,0.6838,0.8903,0
mnist,50,5000,39,0.6838,0.8648,0
mnist,50,5000,40,0.6838,0.9413,0
mnist,50,5000,41,0.6838,0.8724,0
mnist,50,5000,42,0.6838,0.9617,1
mnist,50,5000,43,0.6838,0.9566,1
mnist,50,5000,44,0.6838,0.8827,0
mnist,50,5000,45,0.6838,0.8903,0
mnist,50,5000,46,0.6838,0.8827,0
mnist,50,5000,47,0.6838,0.8750,0
mnist,50,5000,48,0.6838,0.9031,0
mnist,50,5000,49,0.6838,0.8750,0
random,50,5000,0,-0.0007,1.0000,1
random,50,5000,1,-0.0007,1.0000,1
random,50,5000,2,-0.0007,1.0000,1
random,50,5000,3,-0.0007,1.0000,1
random,50,5000,4,-0.0007,1.0000,1
random,50,5000,5,-0.0007,1.0000,1
random,50,5000,6,-0.0007,1.0000,1
random,50,5000,7,-0.0007,1.0000,1
random,50,5000,8,-0.0007,1.0000,1
random,50,5000,9,-0.0007,1.0000,1
random,50,5000,10,-0.0007,1.0000,1
random,50,5000,11,-0.0007,1.0000,1
random,50,5000,12,-0.0007,1.0000,1
random,50,5000,13,-0.0007,1.0000,1
random,50,5000,14,-0.0007,1.0000,1
random,50,5000,15,-0.0007,1.0000,1
random,50,5000,16,-0.0007,1.0000,1
random,50,5000,17,-0.0007,1.0000,1
random,50,5000,18,-0.0007,1.0000,1
random,50,5000,19,-0.0007,1.0000,1
random,50,5000,20,-0.0007,1.0000,1
random,50,5000,21,-0.0007,1.0000,1
random,50,5000,22,-0.0007,1.0000,1
random,50,5000,23,-0.0007,1.0000,1
random,50,5000,24,-0.0007,1.0000,1
random,50,5000,25,-0.0007,1.0000,1
random,50,5000,26,-0.0007,1.0000,1
random,50,5000,27,-0.0007,1.0000,1
random,50,5000,28,-0.0007,1.0000,1
random,50,5000,29,-0.0007,1.0000,1
random,50,5000,30,-0.0007,1.0000,1
random,50,5000,31,-0.0007,1.0000,1
random,50,5000,32,-0.0007,1.0000,1
random,50,5000,33,-0.0007,1.0000,1
random,50,5000,34,-0.0007,1.0000,1
random,50,5000,35,-0.0007,1.0000,1
random,50,5000,36,-0.0007,1.0000,1
random,50,5000,37,-0.0007,1.0000,1
random,50,5000,38,-0.0007,1.0000,1
random,50,5000,39,-0.0007,1.0000,1
random,50,5000,40,-0.0007,1.0000,1
random,50,5000,41,-0.0007,1.0000,1
random,50,5000,42,-0.0007,1.0000,1
random,50,5000,43,-0.0007,1.0000,1
random,50,5000,44,-0.0007,1.0000,1
random,50,5000,45,-0.0007,1.0000,1
random,50,5000,46,-0.0007,1.0000,1
random,50,5000,47,-0.0007,1.0000,1
random,50,5000,48,-0.0007,1.0000,1
random,50,5000,49,-0.0007,1.0000,1
mnist,50,5001,0,0.6838,0.8699,0
mnist,50,5001,1,0.6838,0.8291,0
mnist,50,5001,2,0.6838,0.8571,0
mnist,50,5001,3,0.6838,0.8980,0
mnist,50,5001,4,0.6838,0.9184,0
mnist,50,5001,5,0.6838,0.8418,0
mnist,50,5001,6,0.6838,0.9286,0
mnist,50,5001,7,0.6838,0.8342,0
mnist,50,5001,8,0.6838,0.9617,1
mnist,50,5001,9,0.6838,0.8878,0
mnist,50,5001,10,0.6838,0.8827,0
mnist,50,5001,11,0.6838,0.9005,0
mnist,50,5001,12,0.6838,0.7959,0
mnist,50,5001,13,0.6838,0.8571,0
mnist,50,5001,14,0.6838,0.9413,0
mnist,50,5001,15,0.6838,0.9107,0
mnist,50,5001,16,0.6838,0.8367,0
mnist,50,5001,17,0.6838,0.8903,0
mnist,50,5001,18,0.6838,0.8954,0
mnist,50,5001,19,0.6838,0.9439,0
mnist,50,5001,20,0.6838,0.8138,0
mnist,50,5001,21,0.6838,0.8189,0
mnist,50,5001,22,0.6838,0.9337,0
mnist,50,5001,23,0.6838,0.9082,0
mnist,50,5001,24,0.6838,0.8929,0
mnist,50,5001,25,0.6838,0.7959,0
mnist,50,5001,26,0.6838,0.9311,0
mnist,50,5001,27,0.6838,0.7959,0
mnist,50,5001,28,0.6838,0.8138,0
mnist,50,5001,29,0.6838,0.9286,0
mnist,50,5001,30,0.6838,0.8903,0
mnist,50,5001,31,0.6838,0.8418,0
mnist,50,5001,32,0.6838,0.8954,0
mnist,50,5001,33,0.6838,0.9184,0
mnist,50,5001,34,0.6838,0.8163,0
mnist,50,5001,35,0.6838,0.9209,0
mnist,50,5001,36,0.6838,0.8342,0
mnist,50,5001,37,0.6838,0.8010,0
mnist,50,5001,38,0.6838,0.8903,0
mnist,50,5001,39,0.6838,0.8648,0
mnist,50,5001,40,0.6838,0.9413,0
mnist,50,5001,41,0.6838,0.8724,0
mnist,50,5001,42,0.6838,0.9617,1
mnist,50,5001,43,0.6838,0.9566,1
mnist,50,5001,44,0.6838,0.8827,0
mnist,50,5001,45,0.6838,0.8903,0
mnist,50,5001,46,0.6838,0.8827,0
mnist,50,5001,47,0.6838,0.8750,0
mnist,50,5001,48,0.6838,0.9031,0
mnist,50,5001,49,0.6838,0.8699,0
random,50,5001,0,-0.0020,1.0000,1
random,50,5001,1,-0.0020,1.0000,1
random,50,5001,2,-0.0020,1.0000,1
random,50,5001,3,-0.0020,1.0000,1
random,50,5001,4,-0.0020,1.0000,1
random,50,5001,5,-0.0020,1.0000,1
random,50,5001,6,-0.0020,1.0000,1
random,50,5001,7,-0.0020,1.0000,1
random,50,5001,8,-0.0020,1.0000,1
random,50,5001,9,-0.0020,1.0000,1
random,50,5001,10,-0.0020,1.0000,1
random,50,5001,11,-0.0020,1.0000,1
random,50,5001,12,-0.0020,1.0000,1
random,50,5001,13,-0.0020,1.0000,1
random,50,5001,14,-0.0020,1.0000,1
random,50,5001,15,-0.0020,1.0000,1
random,50,5001,16,-0.0020,1.0000,1
random,50,5001,17,-0.0020,1.0000,1
random,50,5001,18,-0.0020,1.0000,1
random,50,5001,19,-0.0020,1.0000,1
random,50,5001,20,-0.0020,1.0000,1
random,50,5001,21,-0.0020,1.0000,1
random,50,5001,22,-0.0020,1.0000,1
random,50,5001,23,-0.0020,0.9974,1
random,50,5001,24,-0.0020,1.0000,1
random,50,5001,25,-0.0020,1.0000,1
random,50,5001,26,-0.0020,1.0000,1
random,50,5001,27,-0.0020,1.0000,1
random,50,5001,28,-0.0020,1.0000,1
random,50,5001,29,-0.0020,1.0000,1
random,50,5001,30,-0.0020,1.0000,1
random,50,5001,31,-0.0020,1.0000,1
random,50,5001,32,-0.0020,1.0000,1
random,50,5001,33,-0.0020,1.0000,1
random,50,5001,34,-0.0020,1.0000,1
random,50,5001,35,-0.0020,1.0000,1
random,50,5001,36,-0.0020,1.0000,1
random,50,5001,37,-0.0020,1.0000,1
random,50,5001,38,-0.0020,1.0000,1
random,50,5001,39,-0.0020,1.0000,1
random,50,5001,40,-0.0020,1.0000,1
random,50,5001,41,-0.0020,1.0000,1
random,50,5001,42,-0.0020,1.0000,1
random,50,5001,43,-0.0020,1.0000,1
random,50,5001,44,-0.0020,1.0000,1
random,50,5001,45,-0.0020,1.0000,1
random,50,5001,46,-0.0020,1.0000,1
random,50,5001,47,-0.0020,1.0000,1
random,50,5001,48,-0.0020,1.0000,1
random,50,5001,49,-0.0020,1.0000,1
mnist,50,5002,0,0.6838,0.8699,0
mnist,50,5002,1,0.6838,0.8291,0
mnist,50,5002,2,0.6838,0.8571,0
mnist,50,5002,3,0.6838,0.8980,0
mnist,50,5002,4,0.6838,0.9184,0
mnist,50,5002,5,0.6838,0.8418,0
mnist,50,5002,6,0.6838,0.9286,0
mnist,50,5002,7,0.6838,0.8342,0
mnist,50,5002,8,0.6838,0.9617,1
mnist,50,5002,9,0.6838,0.8878,0
mnist,50,5002,10,0.6838,0.8827,0
mnist,50,5002,11,0.6838,0.9005,0
mnist,50,5002,12,0.6838,0.7959,0
mnist,50,5002,13,0.6838,0.8571,0
mnist,50,5002,14,0.6838,0.9413,0
mnist,50,5002,15,0.6838,0.9107,0
mnist,50,5002,16,0.6838,0.8367,0
mnist,50,5002,17,0.6838,0.8903,0
mnist,50,5002,18,0.6838,0.8954,0
mnist,50,5002,19,0.6838,0.9439,0
mnist,50,5002,20,0.6838,0.8138,0
mnist,50,5002,21,0.6838,0.8189,0
mnist,50,5002,22,0.6838,0.9337,0
mnist,50,5002,23,0.6838,0.9082,0
mnist,50,5002,24,0.6838,0.8929,0
mnist,50,5002,25,0.6838,0.7959,0
mnist,50,5002,26,0.6838,0.9311,0
mnist,50,5002,27,0.6838,0.7959,0
mnist,50,5002,28,0.6838,0.8138,0
mnist,50,5002,29,0.6838,0.9286,0
mnist,50,5002,30,0.6838,0.8903,0
mnist,50,5002,31,0.6838,0.8418,0
mnist,50,5002,32,0.6838,0.8954,0
mnist,50,5002,33,0.6838,0.9184,0
mnist,50,5002,34,0.6838,0.8163,0
mnist,50,5002,35,0.6838,0.9209,0
mnist,50,5002,36,0.6838,0.8342,0
mnist,50,5002,37,0.6838,0.8010,0
mnist,50,5002,38,0.6838,0.8903,0
mnist,50,5002,39,0.6838,0.8648,0
mnist,50,5002,40,0.6838,0.9413,0
mnist,50,5002,41,0.6838,0.8724,0
mnist,50,5002,42,0.6838,0.9617,1
mnist,50,5002,43,0.6838,0.9566,1
mnist,50,5002,44,0.6838,0.8827,0
mnist,50,5002,45,0.6838,0.8903,0
mnist,50,5002,46,0.6838,0.8827,0
mnist,50,5002,47,0.6838,0.8750,0
mnist,50,5002,48,0.6838,0.9031,0
mnist,50,5002,49,0.6838,0.8750,0
random,50,5002,0,0.0005,1.0000,1
random,50,5002,1,0.0005,1.0000,1
random,50,5002,2,0.0005,1.0000,1
random,50,5002,3,0.0005,1.0000,1
random,50,5002,4,0.0005,1.0000,1
random,50,5002,5,0.0005,1.0000,1
random,50,5002,6,0.0005,1.0000,1
random,50,5002,7,0.0005,1.0000,1
random,50,5002,8,0.0005,1.0000,1
random,50,5002,9,0.0005,1.0000,1
random,50,5002,10,0.0005,0.9949,1
random,50,5002,11,0.0005,1.0000,1
random,50,5002,12,0.0005,1.0000,1
random,50,5002,13,0.0005,1.0000,1
random,50,5002,14,0.0005,1.0000,1
random,50,5002,15,0.0005,1.0000,1
random,50,5002,16,0.0005,1.0000,1
random,50,5002,17,0.0005,1.0000,1
random,50,5002,18,0.0005,1.0000,1
random,50,5002,19,0.0005,1.0000,1
random,50,5002,20,0.0005,1.0000,1
random,50,5002,21,0.0005,1.0000,1
random,50,5002,22,0.0005,1.0000,1
random,50,5002,23,0.0005,1.0000,1
random,50,5002,24,0.0005,1.0000,1
random,50,5002,25,0.0005,1.0000,1
random,50,5002,26,0.0005,1.0000,1
random,50,5002,27,0.0005,1.0000,1
random,50,5002,28,0.0005,1.0000,1
random,50,5002,29,0.0005,1.0000,1
random,50,5002,30,0.0005,1.0000,1
random,50,5002,31,0.0005,1.0000,1
random,50,5002,32,0.0005,1.0000,1
random,50,5002,33,0.0005,1.0000,1
random,50,5002,34,0.0005,1.0000,1
random,50,5002,35,0.0005,1.0000,1
random,50,5002,36,0.0005,1.0000,1
random,50,5002,37,0.0005,1.0000,1
random,50,5002,38,0.0005,1.0000,1
random,50,5002,39,0.0005,1.0000,1
random,50,5002,40,0.0005,1.0000,1
random,50,5002,41,0.0005,1.0000,1
random,50,5002,42,0.0005,1.0000,1
random,50,5002,43,0.0005,1.0000,1
random,50,5002,44,0.0005,1.0000,1
random,50,5002,45,0.0005,1.0000,1
random,50,5002,46,0.0005,1.0000,1
random,50,5002,47,0.0005,1.0000,1
random,50,5002,48,0.0005,1.0000,1
random,50,5002,49,0.0005,1.0000,1
mnist,50,5003,0,0.6838,0.8699,0
mnist,50,5003,1,0.6838,0.8291,0
mnist,50,5003,2,0.6838,0.8571,0
mnist,50,5003,3,0.6838,0.8980,0
mnist,50,5003,4,0.6838,0.9184,0
mnist,50,5003,5,0.6838,0.8418,0
mnist,50,5003,6,0.6838,0.9286,0
mnist,50,5003,7,0.6838,0.8342,0
mnist,50,5003,8,0.6838,0.9617,1
mnist,50,5003,9,0.6838,0.8878,0
mnist,50,5003,10,0.6838,0.8827,0
mnist,50,5003,11,0.6838,0.9005,0
mnist,50,5003,12,0.6838,0.7959,0
mnist,50,5003,13,0.6838,0.8571,0
mnist,50,5003,14,0.6838,0.9413,0
mnist,50,5003,15,0.6838,0.9107,0
mnist,50,5003,16,0.6838,0.8367,0
mnist,50,5003,17,0.6838,0.8903,0
mnist,50,5003,18,0.6838,0.8954,0
mnist,50,5003,19,0.6838,0.9439,0
mnist,50,5003,20,0.6838,0.8138,0
mnist,50,5003,21,0.6838,0.8189,0
mnist,50,5003,22,0.6838,0.9337,0
mnist,50,5003,23,0.6838,0.9082,0
mnist,50,5003,24,0.6838,0.8929,0
mnist,50,5003,25,0.6838,0.7959,0
mnist,50,5003,26,0.6838,0.9311,0
mnist,50,5003,27,0.6838,0.7959,0
mnist,50,5003,28,0.6838,0.8138,0
mnist,50,5003,29,0.6838,0.9286,0
mnist,50,5003,30,0.6838,0.8903,0
mnist,50,5003,31,0.6838,0.8418,0
mnist,50,5003,32,0.6838,0.8954,0
mnist,50,5003,33,0.6838,0.9184,0
mnist,50,5003,34,0.6838,0.8163,0
mnist,50,5003,35,0.6838,0.9209,0
mnist,50,5003,36,0.6838,0.8342,0
mnist,50,5003,37,0.6838,0.8010,0
mnist,50,5003,38,0.6838,0.8903,0
mnist,50,5003,39,0.6838,0.8648,0
mnist,50,5003,40,0.6838,0.9413,0
mnist,50,5003,41,0.6838,0.8724,0
mnist,50,5003,42,0.6838,0.9617,1
mnist,50,5003,43,0.6838,0.9566,1
mnist,50,5003,44,0.6838,0.8827,0
mnist,50,5003,45,0.6838,0.8903,0
mnist,50,5003,46,0.6838,0.8827,0
mnist,50,5003,47,0.6838,0.8750,0
mnist,50,5003,48,0.6838,0.9031,0
mnist,50,5003,49,0.6838,0.8750,0
random,50,5003,0,0.0008,1.0000,1
random,50,5003,1,0.0008,1.0000,1
random,50,5003,2,0.0008,1.0000,1
random,50,5003,3,0.0008,1.0000,1
random,50,5003,4,0.0008,1.0000,1
random,50,5003,5,0.0008,1.0000,1
random,50,5003,6,0.0008,1.0000,1
random,50,5003,7,0.0008,1.0000,1
random,50,5003,8,0.0008,1.0000,1
random,50,5003,9,0.0008,1.0000,1
random,50,5003,10,0.0008,1.0000,1
random,50,5003,11,0.0008,1.0000,1
random,50,5003,12,0.0008,1.0000,1
random,50,5003,13,0.0008,1.0000,1
random,50,5003,14,0.0008,1.0000,1
random,50,5003,15,0.0008,1.0000,1
random,50,5003,16,0.0008,1.0000,1
random,50,5003,17,0.0008,1.0000,1
random,50,5003,18,0.0008,1.0000,1
random,50,5003,19,0.0008,1.0000,1
random,50,5003,20,0.0008,1.0000,1
random,50,5003,21,0.0008,1.0000,1
random,50,5003,22,0.0008,1.0000,1
random,50,5003,23,0.0008,1.0000,1
random,50,5003,24,0.0008,1.0000,1
random,50,5003,25,0.0008,1.0000,1
random,50,5003,26,0.0008,1.0000,1
random,50,5003,27,0.0008,1.0000,1
random,50,5003,28,0.0008,1.0000,1
random,50,5003,29,0.0008,1.0000,1
random,50,5003,30,0.0008,1.0000,1
random,50,5003,31,0.0008,1.0000,1
random,50,5003,32,0.0008,1.0000,1
random,50,5003,33,0.0008,1.0000,1
random,50,5003,34,0.0008,1.0000,1
random,50,5003,35,0.0008,1.0000,1
random,50,5003,36,0.0008,1.0000,1
random,50,5003,37,0.0008,1.0000,1
random,50,5003,38,0.0008,1.0000,1
random,50,5003,39,0.0008,1.0000,1
random,50,5003,40,0.0008,1.0000,1
random,50,5003,41,0.0008,1.0000,1
random,50,5003,42,0.0008,1.0000,1
random,50,5003,43,0.0008,1.0000,1
random,50,5003,44,0.0008,1.0000,1
random,50,5003,45,0.0008,1.0000,1
random,50,5003,46,0.0008,1.0000,1
random,50,5003,47,0.0008,1.0000,1
random,50,5003,48,0.0008,1.0000,1
random,50,5003,49,0.0008,0.9974,1
mnist,50,5004,0,0.6838,0.8699,0
mnist,50,5004,1,0.6838,0.8291,0
mnist,50,5004,2,0.6838,0.8571,0
mnist,50,5004,3,0.6838,0.8980,0
mnist,50,5004,4,0.6838,0.9184,0
mnist,50,5004,5,0.6838,0.8418,0
mnist,50,5004,6,0.6838,0.9286,0
mnist,50,5004,7,0.6838,0.8342,0
mnist,50,5004,8,0.6838,0.9617,1
mnist,50,5004,9,0.6838,0.8878,0
mnist,50,5004,10,0.6838,0.8827,0
mnist,50,5004,11,0.6838,0.9005,0
mnist,50,5004,12,0.6838,0.7959,0
mnist,50,5004,13,0.6838,0.8571,0
mnist,50,5004,14,0.6838,0.9413,0
mnist,50,5004,15,0.6838,0.9107,0
mnist,50,5004,16,0.6838,0.8367,0
mnist,50,5004,17,0.6838,0.8903,0
mnist,50,5004,18,0.6838,0.8954,0
mnist,50,5004,19,0.6838,0.9439,0
mnist,50,5004,20,0.6838,0.8138,0
mnist,50,5004,21,0.6838,0.8189,0
mnist,50,5004,22,0.6838,0.9337,0
mnist,50,5004,23,0.6838,0.9082,0
mnist,50,5004,24,0.6838,0.8929,0
mnist,50,5004,25,0.6838,0.7959,0
mnist,50,5004,26,0.6838,0.9311,0
mnist,50,5004,27,0.6838,0.7959,0
mnist,50,5004,28,0.6838,0.8138,0
mnist,50,5004,29,0.6838,0.9286,0
mnist,50,5004,30,0.6838,0.8903,0
mnist,50,5004,31,0.6838,0.8418,0
mnist,50,5004,32,0.6838,0.8954,0
mnist,50,5004,33,0.6838,0.9184,0
mnist,50,5004,34,0.6838,0.8163,0
mnist,50,5004,35,0.6838,0.9209,0
mnist,50,5004,36,0.6838,0.8342,0
mnist,50,5004,37,0.6838,0.8010,0
mnist,50,5004,38,0.6838,0.8903,0
mnist,50,5004,39,0.6838,0.8648,0
mnist,50,5004,40,0.6838,0.9413,0
mnist,50,5004,41,0.6838,0.8724,0
mnist,50,5004,42,0.6838,0.9617,1
mnist,50,5004,43,0.6838,0.9566,1
mnist,50,5004,44,0.6838,0.8827,0
mnist,50,5004,45,0.6838,0.8903,0
mnist,50,5004,46,0.6838,0.8827,0
mnist,50,5004,47,0.6838,0.8750,0
mnist,50,5004,48,0.6838,0.9031,0
mnist,50,5004,49,0.6838,0.8750,0
random,50,5004,0,0.0005,1.0000,1
random,50,5004,1,0.0005,1.0000,1
random,50,5004,2,0.0005,1.0000,1
random,50,5004,3,0.0005,1.0000,1
random,50,5004,4,0.0005,1.0000,1
random,50,5004,5,0.0005,1.0000,1
random,50,5004,6,0.0005,1.0000,1
random,50,5004,7,0.0005,1.0000,1
random,50,5004,8,0.0005,1.0000,1
random,50,5004,9,0.0005,1.0000,1
random,50,5004,10,0.0005,1.0000,1
random,50,5004,11,0.0005,1.0000,1
random,50,5004,12,0.0005,1.0000,1
random,50,5004,13,0.0005,1.0000,1
random,50,5004,14,0.0005,1.0000,1
random,50,5004,15,0.0005,1.0000,1
random,50,5004,16,0.0005,1.0000,1
random,50,5004,17,0.0005,1.0000,1
random,50,5004,18,0.0005,1.0000,1
random,50,5004,19,0.0005,1.0000,1
random,50,5004,20,0.0005,1.0000,1
random,50,5004,21,0.0005,1.0000,1
random,50,5004,22,0.0005,1.0000,1
random,50,5004,23,0.0005,1.0000,1
random,50,5004,24,0.0005,1.0000,1
random,50,5004,25,0.0005,1.0000,1
random,50,5004,26,0.0005,1.0000,1
random,50,5004,27,0.0005,1.0000,1
random,50,5004,28,0.0005,1.0000,1
random,50,5004,29,0.0005,1.0000,1
random,50,5004,30,0.0005,1.0000,1
random,50,5004,31,0.0005,1.0000,1
random,50,5004,32,0.0005,1.0000,1
random,50,5004,33,0.0005,1.0000,1
random,50,5004,34,0.0005,1.0000,1
random,50,5004,35,0.0005,1.0000,1
random,50,5004,36,0.0005,1.0000,1
random,50,5004,37,0.0005,1.0000,1
random,50,5004,38,0.0005,1.0000,1
random,50,5004,39,0.0005,1.0000,1
random,50,5004,40,0.0005,1.0000,1
random,50,5004,41,0.0005,1.0000,1
random,50,5004,42,0.0005,1.0000,1
random,50,5004,43,0.0005,1.0000,1
random,50,5004,44,0.0005,1.0000,1
random,50,5004,45,0.0005,1.0000,1
random,50,5004,46,0.0005,1.0000,1
random,50,5004,47,0.0005,1.0000,1
random,50,5004,48,0.0005,1.0000,1
random,50,5004,49,0.0005,1.0000,1
mnist,50,5005,0,0.6838,0.8699,0
mnist,50,5005,1,0.6838,0.8291,0
mnist,50,5005,2,0.6838,0.8571,0
mnist,50,5005,3,0.6838,0.8980,0
mnist,50,5005,4,0.6838,0.9184,0
mnist,50,5005,5,0.6838,0.8418,0
mnist,50,5005,6,0.6838,0.9286,0
mnist,50,5005,7,0.6838,0.8342,0
mnist,50,5005,8,0.6838,0.9617,1
mnist,50,5005,9,0.6838,0.8878,0
mnist,50,5005,10,0.6838,0.8827,0
mnist,50,5005,11,0.6838,0.9005,0
mnist,50,5005,12,0.6838,0.7959,0
mnist,50,5005,13,0.6838,0.8571,0
mnist,50,5005,14,0.6838,0.9413,0
mnist,50,5005,15,0.6838,0.9107,0
mnist,50,5005,16,0.6838,0.8367,0
mnist,50,5005,17,0.6838,0.8903,0
mnist,50,5005,18,0.6838,0.8954,0
mnist,50,5005,19,0.6838,0.9439,0
mnist,50,5005,20,0.6838,0.8138,0
mnist,50,5005,21,0.6838,0.8189,0
mnist,50,5005,22,0.6838,0.9337,0
mnist,50,5005,23,0.6838,0.9082,0
mnist,50,5005,24,0.6838,0.8929,0
mnist,50,5005,25,0.6838,0.7959,0
mnist,50,5005,26,0.6838,0.9311,0
mnist,50,5005,27,0.6838,0.7959,0
mnist,50,5005,28,0.6838,0.8138,0
mnist,50,5005,29,0.6838,0.9286,0
mnist,50,5005,30,0.6838,0.8903,0
mnist,50,5005,31,0.6838,0.8418,0
mnist,50,5005,32,0.6838,0.8954,0
mnist,50,5005,33,0.6838,0.9184,0
mnist,50,5005,34,0.6838,0.8163,0
mnist,50,5005,35,0.6838,0.9209,0
mnist,50,5005,36,0.6838,0.8342,0
mnist,50,5005,37,0.6838,0.8010,0
mnist,50,5005,38,0.6838,0.8903,0
mnist,50,5005,39,0.6838,0.8648,0
mnist,50,5005,40,0.6838,0.9413,0
mnist,50,5005,41,0.6838,0.8724,0
mnist,50,5005,42,0.6838,0.9617,1
mnist,50,5005,43,0.6838,0.9566,1
mnist,50,5005,44,0.6838,0.8827,0
mnist,50,5005,45,0.6838,0.8903,0
mnist,50,5005,46,0.6838,0.8827,0
mnist,50,5005,47,0.6838,0.8750,0
mnist,50,5005,48,0.6838,0.9031,0
mnist,50,5005,49,0.6838,0.8750,0
random,50,5005,0,-0.0002,1.0000,1
random,50,5005,1,-0.0002,1.0000,1
random,50,5005,2,-0.0002,1.0000,1
random,50,5005,3,-0.0002,1.0000,1
random,50,5005,4,-0.0002,1.0000,1
random,50,5005,5,-0.0002,1.0000,1
random,50,5005,6,-0.0002,1.0000,1
random,50,5005,7,-0.0002,1.0000,1
random,50,5005,8,-0.0002,1.0000,1
random,50,5005,9,-0.0002,1.0000,1
random,50,5005,10,-0.0002,1.0000,1
random,50,5005,11,-0.0002,1.0000,1
random,50,5005,12,-0.0002,1.0000,1
random,50,5005,13,-0.0002,1.0000,1
random,50,5005,14,-0.0002,1.0000,1
random,50,5005,15,-0.0002,1.0000,1
random,50,5005,16,-0.0002,1.0000,1
random,50,5005,17,-0.0002,1.0000,1
random,50,5005,18,-0.0002,1.0000,1
random,50,5005,19,-0.0002,1.0000,1
random,50,5005,20,-0.0002,1.0000,1
random,50,5005,21,-0.0002,1.0000,1
random,50,5005,22,-0.0002,1.0000,1
random,50,5005,23,-0.0002,1.0000,1
random,50,5005,24,-0.0002,1.0000,1
random,50,5005,25,-0.0002,1.0000,1
random,50,5005,26,-0.0002,1.0000,1
random,50,5005,27,-0.0002,1.0000,1
random,50,5005,28,-0.0002,1.0000,1
random,50,5005,29,-0.0002,1.0000,1
random,50,5005,30,-0.0002,1.0000,1
random,50,5005,31,-0.0002,1.0000,1
random,50,5005,32,-0.0002,1.0000,1
random,50,5005,33,-0.0002,1.0000,1
random,50,5005,34,-0.0002,1.0000,1
random,50,5005,35,-0.0002,1.0000,1
random,50,5005,36,-0.0002,1.0000,1
random,50,5005,37,-0.0002,1.0000,1
random,50,5005,38,-0.0002,0.9974,1
random,50,5005,39,-0.0002,1.0000,1
random,50,5005,40,-0.0002,1.0000,1
random,50,5005,41,-0.0002,1.0000,1
random,50,5005,42,-0.0002,1.0000,1
random,50,5005,43,-0.0002,1.0000,1
random,50,5005,44,-0.0002,1.0000,1
random,50,5005,45,-0.0002,1.0000,1
random,50,5005,46,-0.0002,1.0000,1
random,50,5005,47,-0.0002,1.0000,1
random,50,5005,48,-0.0002,1.0000,1
random,50,5005,49,-0.0002,1.0000,1
mnist,50,5006,0,0.6838,0.8699,0
mnist,50,5006,1,0.6838,0.8291,0
mnist,50,5006,2,0.6838,0.8571,0
mnist,50,5006,3,0.6838,0.8980,0
mnist,50,5006,4,0.6838,0.9184,0
mnist,50,5006,5,0.6838,0.8418,0
mnist,50,5006,6,0.6838,0.9286,0
mnist,50,5006,7,0.6838,0.8342,0
mnist,50,5006,8,0.6838,0.9617,1
mnist,50,5006,9,0.6838,0.8878,0
mnist,50,5006,10,0.6838,0.8827,0
mnist,50,5006,11,0.6838,0.9005,0
mnist,50,5006,12,0.6838,0.7959,0
mnist,50,5006,13,0.6838,0.8571,0
mnist,50,5006,14,0.6838,0.9413,0
mnist,50,5006,15,0.6838,0.9107,0
mnist,50,5006,16,0.6838,0.8367,0
mnist,50,5006,17,0.6838,0.8903,0
mnist,50,5006,18,0.6838,0.8954,0
mnist,50,5006,19,0.6838,0.9439,0
mnist,50,5006,20,0.6838,0.8138,0
mnist,50,5006,21,0.6838,0.8189,0
mnist,50,5006,22,0.6838,0.9337,0
mnist,50,5006,23,0.6838,0.9082,0
mnist,50,5006,24,0.6838,0.8929,0
mnist,50,5006,25,0.6838,0.7959,0
mnist,50,5006,26,0.6838,0.9311,0
mnist,50,5006,27,0.6838,0.7959,0
mnist,50,5006,28,0.6838,0.8138,0
mnist,50,5006,29,0.6838,0.9286,0
mnist,50,5006,30,0.6838,0.8903,0
mnist,50,5006,31,0.6838,0.8418,0
mnist,50,5006,32,0.6838,0.8954,0
mnist,50,5006,33,0.6838,0.9184,0
mnist,50,5006,34,0.6838,0.8163,0
mnist,50,5006,35,0.6838,0.9209,0
mnist,50,5006,36,0.6838,0.8342,0
mnist,50,5006,37,0.6838,0.8010,0
mnist,50,5006,38,0.6838,0.8903,0
mnist,50,5006,39,0.6838,0.8648,0
mnist,50,5006,40,0.6838,0.9413,0
mnist,50,5006,41,0.6838,0.8724,0
mnist,50,5006,42,0.6838,0.9617,1
mnist,50,5006,43,0.6838,0.9566,1
mnist,50,5006,44,0.6838,0.8827,0
mnist,50,5006,45,0.6838,0.8903,0
mnist,50,5006,46,0.6838,0.8827,0
mnist,50,5006,47,0.6838,0.8750,0
mnist,50,5006,48,0.6838,0.9031,0
mnist,50,5006,49,0.6838,0.8750,0
random,50,5006,0,0.0010,1.0000,1
random,50,5006,1,0.0010,1.0000,1
random,50,5006,2,0.0010,1.0000,1
random,50,5006,3,0.0010,1.0000,1
random,50,5006,4,0.0010,1.0000,1
random,50,5006,5,0.0010,1.0000,1
random,50,5006,6,0.0010,1.0000,1
random,50,5006,7,0.0010,1.0000,1
random,50,5006,8,0.0010,1.0000,1
random,50,5006,9,0.0010,1.0000,1
random,50,5006,10,0.0010,1.0000,1
random,50,5006,11,0.0010,1.0000,1
random,50,5006,12,0.0010,1.0000,1
random,50,5006,13,0.0010,1.0000,1
random,50,5006,14,0.0010,1.0000,1
random,50,5006,15,0.0010,1.0000,1
random,50,5006,16,0.0010,1.0000,1
random,50,5006,17,0.0010,1.0000,1
random,50,5006,18,0.0010,1.0000,1
random,50,5006,19,0.0010,1.0000,1
random,50,5006,20,0.0010,1.0000,1
random,50,5006,21,0.0010,0.9974,1
random,50,5006,22,0.0010,1.0000,1
random,50,5006,23,0.0010,1.0000,1
random,50,5006,24,0.0010,1.0000,1
random,50,5006,25,0.0010,1.0000,1
random,50,5006,26,0.0010,1.0000,1
random,50,5006,27,0.0010,1.0000,1
random,50,5006,28,0.0010,1.0000,1
random,50,5006,29,0.0010,1.0000,1
random,50,5006,30,0.0010,0.9974,1
random,50,5006,31,0.0010,1.0000,1
random,50,5006,32,0.0010,1.0000,1
random,50,5006,33,0.0010,1.0000,1
random,50,5006,34,0.0010,1.0000,1
random,50,5006,35,0.0010,1.0000,1
random,50,5006,36,0.0010,1.0000,1
random,50,5006,37,0.0010,1.0000,1
random,50,5006,38,0.0010,1.0000,1
random,50,5006,39,0.0010,1.0000,1
random,50,5006,40,0.0010,1.0000,1
random,50,5006,41,0.0010,0.9974,1
random,50,5006,42,0.0010,1.0000,1
random,50,5006,43,0.0010,1.0000,1
random,50,5006,44,0.0010,1.0000,1
random,50,5006,45,0.0010,1.0000,1
random,50,5006,46,0.0010,1.0000,1
random,50,5006,47,0.0010,1.0000,1
random,50,5006,48,0.0010,1.0000,1
random,50,5006,49,0.0010,1.0000,1
mnist,50,5007,0,0.6838,0.8699,0
mnist,50,5007,1,0.6838,0.8291,0
mnist,50,5007,2,0.6838,0.8571,0
mnist,50,5007,3,0.6838,0.8980,0
mnist,50,5007,4,0.6838,0.9184,0
mnist,50,5007,5,0.6838,0.8418,0
mnist,50,5007,6,0.6838,0.9286,0
mnist,50,5007,7,0.6838,0.8342,0
mnist,50,5007,8,0.6838,0.9617,1
mnist,50,5007,9,0.6838,0.8878,0
mnist,50,5007,10,0.6838,0.8827,0
mnist,50,5007,11,0.6838,0.9005,0
mnist,50,5007,12,0.6838,0.7959,0
mnist,50,5007,13,0.6838,0.8571,0
mnist,50,5007,14,0.6838,0.9413,0
mnist,50,5007,15,0.6838,0.9107,0
mnist,50,5007,16,0.6838,0.8367,0
mnist,50,5007,17,0.6838,0.8903,0
mnist,50,5007,18,0.6838,0.8954,0
mnist,50,5007,19,0.6838,0.9439,0
mnist,50,5007,20,0.6838,0.8138,0
mnist,50,5007,21,0.6838,0.8189,0
mnist,50,5007,22,0.6838,0.9337,0
mnist,50,5007,23,0.6838,0.9082,0
mnist,50,5007,24,0.6838,0.8929,0
mnist,50,5007,25,0.6838,0.7959,0
mnist,50,5007,26,0.6838,0.9311,0
mnist,50,5007,27,0.6838,0.7959,0
mnist,50,5007,28,0.6838,0.8138,0
mnist,50,5007,29,0.6838,0.9286,0
mnist,50,5007,30,0.6838,0.8903,0
mnist,50,5007,31,0.6838,0.8418,0
mnist,50,5007,32,0.6838,0.8954,0
mnist,50,5007,33,0.6838,0.9184,0
mnist,50,5007,34,0.6838,0.8163,0
mnist,50,5007,35,0.6838,0.9209,0
mnist,50,5007,36,0.6838,0.8342,0
mnist,50,5007,37,0.6838,0.8010,0
mnist,50,5007,38,0.6838,0.8903,0
mnist,50,5007,39,0.6838,0.8648,0
mnist,50,5007,40,0.6838,0.9413,0
mnist,50,5007,41,0.6838,0.8724,0
mnist,50,5007,42,0.6838,0.9617,1
mnist,50,5007,43,0.6838,0.9566,1
mnist,50,5007,44,0.6838,0.8827,0
mnist,50,5007,45,0.6838,0.8903,0
mnist,50,5007,46,0.6838,0.8827,0
mnist,50,5007,47,0.6838,0.8750,0
mnist,50,5007,48,0.6838,0.9031,0
mnist,50,5007,49,0.6838,0.8750,0
random,50,5007,0,-0.0015,1.0000,1
random,50,5007,1,-0.0015,1.0000,1
random,50,5007,2,-0.0015,1.0000,1
random,50,5007,3,-0.0015,1.0000,1
random,50,5007,4,-0.0015,1.0000,1
random,50,5007,5,-0.0015,1.0000,1
random,50,5007,6,-0.0015,1.0000,1
random,50,5007,7,-0.0015,1.0000,1
random,50,5007,8,-0.0015,1.0000,1
random,50,5007,9,-0.0015,1.0000,1
random,50,5007,10,-0.0015,1.0000,1
random,50,5007,11,-0.0015,1.0000,1
random,50,5007,12,-0.0015,1.0000,1
random,50,5007,13,-0.0015,1.0000,1
random,50,5007,14,-0.0015,1.0000,1
random,50,5007,15,-0.0015,1.0000,1
random,50,5007,16,-0.0015,1.0000,1
random,50,5007,17,-0.0015,1.0000,1
random,50,5007,18,-0.0015,1.0000,1
random,50,5007,19,-0.0015,1.0000,1
random,50,5007,20,-0.0015,1.0000,1
random,50,5007,21,-0.0015,1.0000,1
random,50,5007,22,-0.0015,1.0000,1
random,50,5007,23,-0.0015,1.0000,1
random,50,5007,24,-0.0015,1.0000,1
random,50,5007,25,-0.0015,1.0000,1
random,50,5007,26,-0.0015,1.0000,1
random,50,5007,27,-0.0015,1.0000,1
random,50,5007,28,-0.0015,1.0000,1
random,50,5007,29,-0.0015,1.0000,1
random,50,5007,30,-0.0015,0.9974,1
random,50,5007,31,-0.0015,1.0000,1
random,50,5007,32,-0.0015,1.0000,1
random,50,5007,33,-0.0015,1.0000,1
random,50,5007,34,-0.0015,1.0000,1
random,50,5007,35,-0.0015,1.0000,1
random,50,5007,36,-0.0015,1.0000,1
random,50,5007,37,-0.0015,1.0000,1
random,50,5007,38,-0.0015,1.0000,1
random,50,5007,39,-0.0015,1.0000,1
random,50,5007,40,-0.0015,1.0000,1
random,50,5007,41,-0.0015,1.0000,1
random,50,5007,42,-0.0015,1.0000,1
random,50,5007,43,-0.0015,1.0000,1
random,50,5007,44,-0.0015,1.0000,1
random,50,5007,45,-0.0015,1.0000,1
random,50,5007,46,-0.0015,1.0000,1
random,50,5007,47,-0.0015,1.0000,1
random,50,5007,48,-0.0015,1.0000,1
random,50,5007,49,-0.0015,1.0000,1
mnist,50,5008,0,0.6838,0.8699,0
mnist,50,5008,1,0.6838,0.8291,0
mnist,50,5008,2,0.6838,0.8571,0
mnist,50,5008,3,0.6838,0.8980,0
mnist,50,5008,4,0.6838,0.9184,0
mnist,50,5008,5,0.6838,0.8418,0
mnist,50,5008,6,0.6838,0.9286,0
mnist,50,5008,7,0.6838,0.8342,0
mnist,50,5008,8,0.6838,0.9617,1
mnist,50,5008,9,0.6838,0.8878,0
mnist,50,5008,10,0.6838,0.8827,0
mnist,50,5008,11,0.6838,0.9005,0
mnist,50,5008,12,0.6838,0.7959,0
mnist,50,5008,13,0.6838,0.8571,0
mnist,50,5008,14,0.6838,0.9413,0
mnist,50,5008,15,0.6838,0.9107,0
mnist,50,5008,16,0.6838,0.8367,0
mnist,50,5008,17,0.6838,0.8903,0
mnist,50,5008,18,0.6838,0.8954,0
mnist,50,5008,19,0.6838,0.9439,0
mnist,50,5008,20,0.6838,0.8138,0
mnist,50,5008,21,0.6838,0.8189,0
mnist,50,5008,22,0.6838,0.9337,0
mnist,50,5008,23,0.6838,0.9082,0
mnist,50,5008,24,0.6838,0.8929,0
mnist,50,5008,25,0.6838,0.7959,0
mnist,50,5008,26,0.6838,0.9311,0
mnist,50,5008,27,0.6838,0.7959,0
mnist,50,5008,28,0.6838,0.8138,0
mnist,50,5008,29,0.6838,0.9286,0
mnist,50,5008,30,0.6838,0.8903,0
mnist,50,5008,31,0.6838,0.8418,0
mnist,50,5008,32,0.6838,0.8954,0
mnist,50,5008,33,0.6838,0.9184,0
mnist,50,5008,34,0.6838,0.8087,0
mnist,50,5008,35,0.6838,0.9209,0
mnist,50,5008,36,0.6838,0.8342,0
mnist,50,5008,37,0.6838,0.8010,0
mnist,50,5008,38,0.6838,0.8903,0
mnist,50,5008,39,0.6838,0.8648,0
mnist,50,5008,40,0.6838,0.9413,0
mnist,50,5008,41,0.6838,0.8724,0
mnist,50,5008,42,0.6838,0.9617,1
mnist,50,5008,43,0.6838,0.9566,1
mnist,50,5008,44,0.6838,0.8827,0
mnist,50,5008,45,0.6838,0.8903,0
mnist,50,5008,46,0.6838,0.8827,0
mnist,50,5008,47,0.6838,0.8750,0
mnist,50,5008,48,0.6838,0.9031,0
mnist,50,5008,49,0.6838,0.8750,0
random,50,5008,0,-0.0010,1.0000,1
random,50,5008,1,-0.0010,1.0000,1
random,50,5008,2,-0.0010,1.0000,1
random,50,5008,3,-0.0010,1.0000,1
random,50,5008,4,-0.0010,1.0000,1
random,50,5008,5,-0.0010,1.0000,1
random,50,5008,6,-0.0010,1.0000,1
random,50,5008,7,-0.0010,1.0000,1
random,50,5008,8,-0.0010,1.0000,1
random,50,5008,9,-0.0010,1.0000,1
random,50,5008,10,-0.0010,1.0000,1
random,50,5008,11,-0.0010,1.0000,1
random,50,5008,12,-0.0010,1.0000,1
random,50,5008,13,-0.0010,1.0000,1
random,50,5008,14,-0.0010,1.0000,1
random,50,5008,15,-0.0010,1.0000,1
random,50,5008,16,-0.0010,1.0000,1
random,50,5008,17,-0.0010,1.0000,1
random,50,5008,18,-0.0010,1.0000,1
random,50,5008,19,-0.0010,1.0000,1
random,50,5008,20,-0.0010,1.0000,1
random,50,5008,21,-0.0010,1.0000,1
random,50,5008,22,-0.0010,1.0000,1
random,50,5008,23,-0.0010,1.0000,1
random,50,5008,24,-0.0010,1.0000,1
random,50,5008,25,-0.0010,1.0000,1
random,50,5008,26,-0.0010,1.0000,1
random,50,5008,27,-0.0010,1.0000,1
random,50,5008,28,-0.0010,1.0000,1
random,50,5008,29,-0.0010,1.0000,1
random,50,5008,30,-0.0010,1.0000,1
random,50,5008,31,-0.0010,1.0000,1
random,50,5008,32,-0.0010,1.0000,1
random,50,5008,33,-0.0010,1.0000,1
random,50,5008,34,-0.0010,1.0000,1
random,50,5008,35,-0.0010,1.0000,1
random,50,5008,36,-0.0010,1.0000,1
random,50,5008,37,-0.0010,1.0000,1
random,50,5008,38,-0.0010,1.0000,1
random,50,5008,39,-0.0010,1.0000,1
random,50,5008,40,-0.0010,1.0000,1
random,50,5008,41,-0.0010,1.0000,1
random,50,5008,42,-0.0010,1.0000,1
random,50,5008,43,-0.0010,1.0000,1
random,50,5008,44,-0.0010,1.0000,1
random,50,5008,45,-0.0010,1.0000,1
random,50,5008,46,-0.0010,1.0000,1
random,50,5008,47,-0.0010,1.0000,1
random,50,5008,48,-0.0010,1.0000,1
random,50,5008,49,-0.0010,1.0000,1
mnist,50,5009,0,0.6838,0.8699,0
mnist,50,5009,1,0.6838,0.8291,0
mnist,50,5009,2,0.6838,0.8571,0
mnist,50,5009,3,0.6838,0.8980,0
mnist,50,5009,4,0.6838,0.9184,0
mnist,50,5009,5,0.6838,0.8418,0
mnist,50,5009,6,0.6838,0.9286,0
mnist,50,5009,7,0.6838,0.8342,0
mnist,50,5009,8,0.6838,0.9617,1
mnist,50,5009,9,0.6838,0.8878,0
mnist,50,5009,10,0.6838,0.8827,0
mnist,50,5009,11,0.6838,0.9005,0
mnist,50,5009,12,0.6838,0.7959,0
mnist,50,5009,13,0.6838,0.8571,0
mnist,50,5009,14,0.6838,0.9413,0
mnist,50,5009,15,0.6838,0.9107,0
mnist,50,5009,16,0.6838,0.8367,0
mnist,50,5009,17,0.6838,0.8903,0
mnist,50,5009,18,0.6838,0.8954,0
mnist,50,5009,19,0.6838,0.9439,0
mnist,50,5009,20,0.6838,0.8138,0
mnist,50,5009,21,0.6838,0.8189,0
mnist,50,5009,22,0.6838,0.9337,0
mnist,50,5009,23,0.6838,0.9082,0
mnist,50,5009,24,0.6838,0.8929,0
mnist,50,5009,25,0.6838,0.7959,0
mnist,50,5009,26,0.6838,0.9311,0
mnist,50,5009,27,0.6838,0.7959,0
mnist,50,5009,28,0.6838,0.8138,0
mnist,50,5009,29,0.6838,0.9286,0
mnist,50,5009,30,0.6838,0.8903,0
mnist,50,5009,31,0.6838,0.8418,0
mnist,50,5009,32,0.6838,0.8954,0
mnist,50,5009,33,0.6838,0.9184,0
mnist,50,5009,34,0.6838,0.8163,0
mnist,50,5009,35,0.6838,0.9209,0
mnist,50,5009,36,0.6838,0.8342,0
mnist,50,5009,37,0.6838,0.8010,0
mnist,50,5009,38,0.6838,0.8903,0
mnist,50,5009,39,0.6838,0.8648,0
mnist,50,5009,40,0.6838,0.9413,0
mnist,50,5009,41,0.6838,0.8724,0
mnist,50,5009,42,0.6838,0.9617,1
mnist,50,5009,43,0.6838,0.9566,1
mnist,50,5009,44,0.6838,0.8827,0
mnist,50,5009,45,0.6838,0.8903,0
mnist,50,5009,46,0.6838,0.8827,0
mnist,50,5009,47,0.6838,0.8750,0
mnist,50,5009,48,0.6838,0.9031,0
mnist,50,5009,49,0.6838,0.8750,0
random,50,5009,0,-0.0025,1.0000,1
random,50,5009,1,-0.0025,1.0000,1
random,50,5009,2,-0.0025,1.0000,1
random,50,5009,3,-0.0025,1.0000,1
random,50,5009,4,-0.0025,1.0000,1
random,50,5009,5,-0.0025,1.0000,1
random,50,5009,6,-0.0025,1.0000,1
random,50,5009,7,-0.0025,1.0000,1
random,50,5009,8,-0.0025,1.0000,1
random,50,5009,9,-0.0025,1.0000,1
random,50,5009,10,-0.0025,1.0000,1
random,50,5009,11,-0.0025,1.0000,1
random,50,5009,12,-0.0025,1.0000,1
random,50,5009,13,-0.0025,1.0000,1
random,50,5009,14,-0.0025,1.0000,1
random,50,5009,15,-0.0025,1.0000,1
random,50,5009,16,-0.0025,1.0000,1
random,50,5009,17,-0.0025,1.0000,1
random,50,5009,18,-0.0025,1.0000,1
random,50,5009,19,-0.0025,1.0000,1
random,50,5009,20,-0.0025,1.0000,1
random,50,5009,21,-0.0025,1.0000,1
random,50,5009,22,-0.0025,1.0000,1
random,50,5009,23,-0.0025,1.0000,1
random,50,5009,24,-0.0025,1.0000,1
random,50,5009,25,-0.0025,1.0000,1
random,50,5009,26,-0.0025,1.0000,1
random,50,5009,27,-0.0025,1.0000,1
random,50,5009,28,-0.0025,1.0000,1
random,50,5009,29,-0.0025,1.0000,1
random,50,5009,30,-0.0025,1.0000,1
random,50,5009,31,-0.0025,1.0000,1
random,50,5009,32,-0.0025,1.0000,1
random,50,5009,33,-0.0025,1.0000,1
random,50,5009,34,-0.0025,1.0000,1
random,50,5009,35,-0.0025,1.0000,1
random,50,5009,36,-0.0025,1.0000,1
random,50,5009,37,-0.0025,1.0000,1
random,50,5009,38,-0.0025,1.0000,1
random,50,5009,39,-0.0025,0.9974,1
random,50,5009,40,-0.0025,1.0000,1
random,50,5009,41,-0.0025,1.0000,1
random,50,5009,42,-0.0025,1.0000,1
random,50,5009,43,-0.0025,1.0000,1
random,50,5009,44,-0.0025,1.0000,1
random,50,5009,45,-0.0025,1.0000,1
random,50,5009,46,-0.0025,1.0000,1
random,50,5009,47,-0.0025,1.0000,1
random,50,5009,48,-0.0025,1.0000,1
random,50,5009,49,-0.0025,1.0000,1
